class,freq
Two,103
men,8049
in,2
yellow,606
life,39
jackets,326
are,2
riding,17
an,2091
orange,497
boat,1054
a,23465
small,250
island,6
and,423
the,6591
shoreline,30
background,3
.,2
A,295
young,1851
toddler,466
his,4111
on,3
wooden,350
floor,774
Man,2123
american,9
flag,337
apparel,10
rides,3
bicycle,1261
Couple,41
kissing,2
middle,19
of,1402
street,3143
boy,8402
wearing,6
-,6
water,4007
wings,58
edge,17
pool,842
man,37519
standing,26
ladder,244
head,1021
above,5
ceiling,61
panels,6
puppet,1
dangling,1
red,1756
shirt,13078
is,10
rock,844
climbing,11
over,5
many,155
trees,803
baseball,280
player,1382
white,1468
uniform,758
to,7
base,100
sitting,21
wheelchair,84
playing,5
electric,65
guitar,475
sidewalk,1356
denim,56
orders,1
barbecue,37
vendor,52
musicians,93
play,11
guitars,112
woman,19566
biking,14
sunny,13
day,19
basketball,331
shooting,1
ball,2725
court,82
beach,1515
virgola,4
jumping,5
Men,669
steps,268
walking,18
by,1
green,643
top,316
lifting,1
metal,181
bowl,195
off,4
stove,79
baby,1284
father,194
dog,8213
ocean,682
The,103
brown,192
running,4
grassy,290
pathway,16
holding,7
mouth,1012
glasses,1436
grass,1716
lady,1746
carrying,1
food,958
crossing,8
bridge,328
girls,2262
dressed,36
outfits,237
performing,1
dance,23
black,1628
taking,2
pictures,87
big,87
crowd,1216
group,306
people,12663
bunny,4
ears,90
People,2975
up,57
banners,22
their,1166
arms,388
male,864
doctor,66
falling,2
bull,262
as,7
animal,169
air,28
blond,143
kid,508
rope,344
playground,94
one,2853
foot,64
colorful,75
bowling,31
shoes,504
women,4503
blue,2535
clothes,612
laughing,1
fun,2
girl,8483
dress,1824
sand,811
her,2419
hands,1085
sandy,66
covered,7
dune,10
behind,9
skateboard,268
being,1
kite,49
field,1107
all,406
meadow,25
hanging,10
out,18
backyard,29
deck,89
tie,180
dyed,1
hat,3653
has,2
strange,13
looking,21
hand,1198
cooking,14
pan,73
commercial,1
kitchen,216
woods,137
log,69
musical,56
equipment,144
t,3
down,16
sheet,35
This,9
fruit,256
large,468
person,3758
shorts,1876
table,2301
skier,229
slopes,10
cool,4
long,131
toy,655
its,29
Four,10
hats,760
wavy,1
bush,33
cards,48
vegetable,41
stall,6
some,864
wires,37
work,80
site,3
something,676
right,46
display,82
motorcycles,145
inside,13
mall,11
smiling,41
artist,128
An,60
athlete,42
performs,1
high,15
jump,6
leaps,1
pillow,59
little,81
poses,7
garden,107
working,4
outside,184
child,3853
house,344
doggy,1
door,341
jogger,8
going,1
sun,115
low,1
horizon,10
dogs,2193
trail,161
two,633
them,1
corn,45
2,17
tank,50
tops,61
sunglasses,1175
beautiful,24
older,37
looks,4
gravel,55
screen,151
light,223
pass,5
gray,170
opponents,14
cowboy,162
beer,237
hammer,75
nail,24
microphone,647
couple,954
kiss,20
cold,9
hairdo,6
painting,101
building,2226
Asian,17
squats,2
paved,22
walkway,108
pile,21
vegetables,202
machine,179
police,223
officer,76
motorbike,109
safety,19
jacket,3079
jeans,1775
dancing,2
pink,719
pants,1779
plastic,122
bottles,89
marching,20
band,400
clad,1
public,55
oriental,1
bike,2055
front,97
brightly,10
lit,31
stand,198
that,7
guy,1228
tube,16
children,3154
watch,37
brush,53
brunette,44
brushes,4
teeth,89
alone,1
exercise,4
instructor,5
office,29
umbrellas,179
train,368
platform,41
Vehicles,3
pedestrians,85
nearby,2
skyscrapers,14
Young,14
pin,9
tan,24
dark,118
haired,45
spike,1
volleyball,97
game,93
snowshoes,50
snow,1738
old,101
socks,108
sits,2
accordion,22
another,172
waiting,1
5,5
military,32
defense,2
Someone,293
skiing,11
snowsuit,6
camera,410
open,42
window,825
ice,214
hockey,126
goalie,57
guards,9
net,62
few,59
others,582
him,1
constructions,3
workers,584
computer,303
other,797
three,114
individuals,153
Woman,899
rain,26
umbrella,624
stuffed,22
gladiator,4
costume,424
phone,168
sit,2
cement,87
stairs,371
store,302
males,155
jazz,1
concert,2
teal,19
coat,1182
line,131
chairs,460
folded,5
bench,1268
gentlemen,72
well,18
straw,37
ride,103
carriage,54
four,45
horses,359
put,1
tomato,7
bag,847
view,5
mountains,280
metro,2
city,333
night,25
wrestling,1
streets,77
statue,223
Children,561
candy,35
road,986
pies,7
oven,49
cubicle,5
jersey,372
chair,903
special,1
way,23
together,1
newborn,22
striped,120
blanket,252
someone,313
it,10
both,16
river,468
elderly,66
karate,14
attire,243
competition,3
wide,1
stack,3
crackers,3
shopping,17
pinata,1
climber,44
scales,1
cliff,139
far,1
cane,38
finger,104
boys,1674
either,5
or,80
summer,4
whom,18
pose,16
mirror,163
fingers,99
Three,28
podium,8
fence,773
run,1
position,20
rocks,489
crack,2
lake,542
fishing,103
attic,2
lip,11
bright,65
female,1038
swimmer,53
swimming,161
cap,826
butterfly,30
paint,71
body,77
stick,522
pond,151
walk,18
sunshine,3
chasing,1
park,382
benches,90
walker,7
dryer,20
Engineers,2
busy,16
surgeons,7
scrubs,19
surgical,2
coffee,112
tea,30
serious,3
area,95
drinking,9
who,4
lap,7
book,412
six,6
have,1
nowhere,1
forest,144
flowers,453
each,83
side,94
Older,1
look,64
balcony,90
bikes,357
helmets,237
track,151
restaurant,116
type,4
object,70
bicyclist,118
trick,1
tall,7
tree,1287
racing,36
tattooed,3
arm,390
guys,551
stage,316
winter,86
gear,272
ski,97
several,77
lottery,3
tickets,6
meal,132
mountaintop,17
Little,3
adult,210
hair,2364
lies,1
which,1
lone,12
sailboat,37
visible,2
stands,19
brick,226
wall,1734
block,20
swim,113
trunks,29
soccer,284
butt,3
heads,77
opponent,13
match,6
hold,8
shiny,2
slide,68
One,24
's,67
left,17
Gray,1
outdoor,40
market,42
waterfront,11
family,335
lawn,224
son,148
doing,1
same,41
only,19
mower,7
backwards,13
sideways,1
cigarette,8
bicycler,4
ramp,243
hooker,1
corner,75
back,216
wave,447
ground,13
worker,331
cutting,9
limbs,1
tool,13
sign,895
part,1
word,19
apice,51
policy,1
colored,37
pot,105
glass,315
pole,358
bar,115
fluffy,4
living,4
room,271
artwork,49
teen,35
marathon,1
runners,69
sleeping,14
dirty,7
chef,100
meat,160
they,1
drinks,208
party,5
station,26
gathering,9
folding,2
skateboarding,8
skate,12
motorcycle,679
around,2
bend,5
racetrack,18
mustache,100
music,36
professional,13
hug,2
couch,413
smiles,22
snowboarder,288
railing,247
cafe,34
sweater,723
traffic,61
pointing,3
silver,24
sedan,5
sports,15
face,987
silhouette,17
beard,390
thumbs,7
doorway,166
bread,87
Frisbee,295
frisbee,66
golf,31
goal,42
riverbank,9
use,2
mixer,7
like,42
he,4
school,33
project,14
dad,38
watches,1
truck,612
do,1
tournament,1
spectators,187
dinner,43
numerous,7
crowns,9
eating,4
candle,24
dining,3
saw,55
wood,319
seashore,13
counter,171
lab,5
gold,54
jewelry,56
leaflets,1
towards,1
White,11
sheep,99
center,1
#,8
6,1
best,1
help,5
team,280
members,64
opposing,6
football,284
runs,2
outdoors,53
horse,1004
shirts,952
ship,72
captain,3
wheel,136
just,3
sight,2
stadium,37
style,13
seating,7
underwater,5
industrial,2
writing,31
post,13
note,5
board,117
full,6
scroll,1
shore,164
loose,1
scarf,429
bald,10
shot,16
coats,167
Asians,20
leafy,5
break,1
opposite,1
sides,5
billboard,25
moving,5
asian,38
shop,142
ornate,7
facade,1
rolling,8
tired,1
businessman,34
nap,7
smile,102
Firemen,16
car,1292
jean,25
logo,47
Soldiers,25
march,5
parade,80
about,4
Race,1
smoking,3
very,66
pizza,42
customer,14
helmet,999
sweatshirt,442
abandoned,3
',13
Cafe,1
graffiti,369
graphic,1
painted,22
tiger,24
stripes,86
adorned,1
matching,3
mane,8
applies,1
eager,1
youth,37
telescope,38
clear,13
American,7
stop,41
softball,25
diaper,13
mother,288
personal,3
moment,1
yard,124
parking,73
garage,43
lot,96
story,4
tennis,133
stone,231
hotel,7
pushing,1
luggage,131
cart,480
filled,2
various,63
pieces,19
fancy,5
dangerous,2
stunt,1
bungee,5
cords,9
Five,3
race,32
human,22
pyramid,1
chain,29
neck,70
dreadlocks,72
couples,45
seated,11
picnic,20
setting,1
naked,16
wrapped,7
swings,15
bat,137
pitch,20
photographs,20
nature,10
Person,271
items,147
bottom,22
set,60
there,25
tent,196
driving,4
turn,13
biker,187
Several,4
roller,24
secluded,1
swimwear,16
hits,2
polka,23
dot,3
lighting,6
sad,3
Group,23
branch,32
leaves,292
maroon,7
gowns,19
lobby,7
baskets,75
shoulder,70
letters,20
seat,83
belt,91
necklace,80
mouths,51
leather,33
skirt,495
bunch,30
Mickey,2
Minnie,2
balloons,178
washing,6
players,681
flowered,7
Flag,5
arena,14
legs,171
eagle,11
policeman,85
gestures,7
circle,9
students,181
littered,1
alley,68
half,30
diving,26
Multiple,1
pavement,84
sky,269
clouds,65
whistle,2
sandals,207
downed,1
path,202
craft,9
Welders,3
drum,18
bride,238
plaid,75
reading,5
magazine,30
drink,251
talk,1
shape,8
star,24
cyclist,163
downhill,5
steep,19
slope,31
tags,5
Toyota,2
shoe,79
catch,1
armor,11
fighting,1
paintball,2
guns,48
cellphone,303
construction,477
rooftop,25
past,11
canned,3
beverage,46
structure,124
reflective,8
vests,292
boots,396
subway,48
produce,76
class,31
teenager,96
purple,293
bandanna,69
hula,11
hoop,40
bin,4
watermelons,26
Some,36
picture,254
planks,2
decoration,5
start,1
teenage,14
grocery,16
carts,50
pajama,4
eight,3
dresses,303
bow,27
bikers,71
making,1
bird,270
carrot,4
papers,111
welder,6
jumpsuit,81
jogging,1
rag,4
Street,35
robes,65
eggs,45
flour,21
oranges,38
butter,13
fan,18
vehicle,242
parachute,25
landing,4
fenced,56
landscaping,1
show,6
performers,36
ancient,3
audience,210
performance,3
leg,118
flower,166
petals,2
third,9
pilot,26
copilot,1
flying,16
plane,76
airplane,72
fall,1
spear,2
mountain,554
muddy,39
mud,155
pay,1
paper,308
drums,135
animals,94
beige,8
suit,965
knees,40
paintings,21
floral,13
thread,6
skateboarder,267
Girls,103
competitive,1
sport,3
sale,16
afghan,1
college,5
teams,188
rugby,17
defender,15
moves,4
females,147
parka,27
crosses,5
sips,1
jerseys,79
Dog,151
fallen,5
dirt,732
hole,98
fountain,237
decorative,13
stroller,211
bark,3
barefoot,3
goggles,295
bathing,117
pedal,7
hiker,98
hoodie,178
mask,133
lays,3
hard,15
chinese,4
costumes,272
transportation,15
business,12
underwear,43
runner,97
no,33
still,3
random,3
town,28
practicing,2
olive,1
underneath,2
nurse,36
cleft,1
German,2
Shepherd,29
stumps,2
stretching,1
airport,15
sailing,1
giant,14
hills,35
forested,3
hillside,40
tunnel,21
crew,54
cameras,44
van,97
bikini,182
backpack,496
friends,270
stroll,1
indoor,4
noodles,12
utensils,5
pair,12
dives,1
exhibit,1
aquarium,10
dolphin,15
frames,7
faces,133
mural,106
handstand,1
tracks,124
apron,298
snowboarders,13
fly,6
hill,267
headphone,3
beagle,18
waves,168
rider,215
outfit,579
desk,247
sort,25
celebration,1
maybe,1
wedding,43
spots,20
midair,23
Skateboarder,35
short,24
flight,8
warehouse,8
clown,86
student,39
mat,56
much,2
rest,10
swing,104
convenience,1
tights,48
motorcyclist,85
pit,10
pads,25
skates,31
photographer,91
machines,29
quartet,1
sundress,28
slides,1
s,3
new,8
bouquet,33
angel,8
character,4
Students,49
uniforms,461
groups,22
jockeys,29
martial,18
arts,12
fight,4
suspended,1
beanie,54
terrier,23
Santa,35
Claus,13
Christmas,8
lights,153
Africans,11
ages,3
hearts,6
Food,9
Worker,17
cameraman,25
thumb,7
Women,327
cheer,2
Beijing,1
2008,1
decorated,3
juice,31
colors,44
backdrop,6
desert,74
tiny,4
blurred,1
rural,3
scene,8
Black,44
downtown,15
sewing,15
roadwork,1
parked,5
space,11
handed,5
hardwood,2
cobblestone,9
hikes,2
snowy,207
gentleman,346
woodworking,3
sleeved,13
pullover,8
mitt,16
cook,45
guard,36
monument,29
tourists,61
scaffold,21
tourist,21
Chefs,8
products,17
curly,15
menu,26
what,3
buy,2
rink,9
swinging,1
racket,4
wooded,63
props,1
pajamas,113
sister,18
carnival,4
gun,3
Six,1
bushes,80
cut,5
frozen,4
surfing,3
bearded,6
flannel,12
cellphones,29
Elmo,5
sprinklers,11
event,2
go,51
surfboard,144
lily,1
robe,124
mohawk,22
close,1
pursuit,1
bed,306
smokes,1
cute,5
heavy,33
bags,420
piano,40
arrow,11
target,2
cleaning,12
lane,24
knee,37
length,1
vines,4
cover,4
windows,134
huge,20
poodles,17
houses,57
paddles,11
towel,91
shaving,6
T,1
teammates,19
parents,42
native,7
adults,378
Bride,13
Japanese,1
suits,270
bodies,5
palm,11
figures,20
bicycles,228
wears,5
rollerskates,49
device,35
number,204
seven,4
bent,1
main,4
but,2
cup,200
bath,29
iPod,1
iPhone,1
belts,12
me,10
puppy,107
sheets,15
packed,2
Miami,3
pulp,1
musician,80
snowman,24
surf,63
relaxing,1
this,37
Caucasian,3
kids,849
pier,120
hooded,26
dry,14
shirtless,8
newspaper,177
page,3
steel,21
chalk,29
portrait,14
stream,60
fellow,9
teammate,6
Photographers,8
hurdles,22
French,3
flags,279
pedals,2
riders,48
de,1
bubbles,167
place,25
sneakers,99
tote,6
factory,10
product,7
conveyor,3
sprays,1
pressure,1
magazines,31
instrument,45
contents,2
microscope,3
displayed,1
sleeve,29
course,6
climb,5
tower,49
polish,2
poster,61
handles,10
different,73
gown,61
odd,4
drawing,5
guitarist,48
drummer,48
live,4
inflatable,13
home,52
Boy,257
referee,40
bathrobe,12
box,232
worn,4
suitcase,31
waters,76
country,12
motocross,27
cage,36
engine,13
gas,12
croquet,2
cross,8
wheeled,14
Skiers,9
progress,1
leaf,38
khaki,7
rocky,157
boaters,2
village,5
fish,236
collection,1
these,10
leap,2
trumpet,13
practice,2
notes,18
coach,30
sticks,93
good,7
time,8
attention,4
floating,15
flotation,1
sculpture,84
bearers,1
Many,30
opening,2
topless,1
tattoos,117
dock,189
rescue,2
bending,1
pick,6
warm,1
bite,8
cream,158
cone,46
goers,6
act,4
shallow,5
purse,206
curb,34
african,6
traditional,4
clothing,832
Tan,1
eyebrows,8
nose,144
moustache,5
cigars,2
museum,7
carrots,7
vest,641
bottle,249
brother,37
swords,16
crane,55
bank,2
Jenga,13
entrance,46
marble,11
feet,100
wear,66
not,3
bug,2
cups,52
mostly,11
purchase,1
wrapping,4
bandage,3
puppies,62
tables,243
flip,2
horseback,47
cattle,25
dressing,2
tongue,122
cafeteria,2
ladies,333
seats,44
garbage,43
porch,60
Subway,2
unicycle,9
barbie,1
doll,42
parts,6
Janitor,1
dolly,2
janitor,8
tools,68
motorized,4
pen,33
tripod,29
paddling,3
dump,1
walls,120
wagon,91
African,8
bullhorn,1
signs,210
3,9
print,13
blouse,153
ornaments,4
early,1
hip,3
wetsuit,145
medium,4
tow,6
younger,9
deep,3
protective,18
mound,28
wrist,7
flashlight,4
row,5
similar,4
objects,34
nails,14
iPad,4
laptops,62
single,7
rows,9
coconut,11
formal,3
plants,140
perfect,2
kayak,104
fishes,1
company,1
cat,173
apartment,5
lines,28
bicyclers,1
spandex,8
rode,1
protest,3
collie,22
bars,29
teenagers,115
phones,9
shelf,25
firefighters,42
firetruck,18
paintbrush,2
easel,9
bananas,27
coral,1
jog,2
checkered,1
makeup,141
tomatoes,27
homework,4
funny,10
books,155
Male,28
surfer,248
turns,1
splash,18
ladders,24
pouches,1
hallway,44
lollipop,2
Legos,7
pattern,6
toothbrush,34
mean,1
peace,14
swimsuit,88
Construction,4
job,5
Trombonist,1
baker,11
flat,8
axe,8
apple,34
groom,127
stunts,7
steering,2
vending,1
rodeo,52
Athletes,10
numbered,5
without,1
rollerblading,1
navy,11
calf,54
ring,31
airborne,2
crowded,13
bucket,213
glowing,5
tents,84
sharp,2
architecture,11
shades,29
taxi,53
castle,9
bartender,21
customers,48
image,18
tabletop,1
dancer,62
gymnastics,8
beam,12
handkerchief,4
Bicycle,10
piece,124
homemade,2
carry,1
float,8
waits,1
juggling,1
microphones,81
eyes,208
closed,3
Walmart,5
shoppers,19
athletes,36
scooter,180
planting,1
cartoon,7
Snow,5
legged,1
lamp,51
sunset,64
punk,5
club,3
valley,25
scenery,4
leash,164
collar,200
Customer,1
Wii,1
square,6
atheletes,1
Female,38
York,3
City,11
intersection,21
Crowd,33
clapping,1
owner,20
resting,1
dribbles,1
presentation,3
keyboard,100
canopy,20
golden,15
Indian,5
businessmen,14
bodybuilder,1
lift,16
pigeons,85
Workers,140
bricks,44
vial,1
liquid,37
container,47
cloth,92
polo,36
fire,310
teeshirt,1
entertainer,4
balloon,118
Bicyclists,19
tented,1
banner,97
advertisement,23
skateboards,31
cable,6
jumper,8
ballet,22
fairy,1
wand,1
sandwich,26
roll,3
infant,112
Mariale,1
wheelbarrow,20
we,3
peas,1
move,12
travel,1
bus,336
camel,48
splashes,2
toys,137
bracelets,14
photograph,13
photo,32
say,2
HSBC,1
casual,4
headband,79
basket,208
ponytail,91
tee,49
salon,9
spiky,1
backpacks,116
blows,1
These,2
camouflage,55
earth,13
hiking,14
jet,19
boarding,1
greyhound,36
gate,88
tires,55
shovel,75
sink,72
cardboard,24
weaves,1
canoes,27
crystal,2
paddle,33
partners,1
ferry,11
brook,1
boxes,106
Pizza,2
tv,7
parent,15
ballerina,24
ledge,126
uses,1
choir,16
pipe,48
hikers,70
almost,1
nothing,1
flops,73
eastern,1
rail,143
windowsill,1
spinning,9
waist,38
Runner,6
sprint,1
generator,3
transit,7
Cami,1
rails,15
cars,311
buildings,350
napkins,1
pillows,34
empty,8
festive,2
kimonos,14
Mohawk,2
mesh,1
studying,1
disk,2
jockey,66
Michael,1
roofer,2
roof,285
acoustic,23
enclosure,7
obstacle,23
I,2
clock,26
eat,2
taco,1
hay,114
gallery,5
duck,43
rough,6
surfers,24
youngsters,11
grandma,4
grandson,3
cruise,7
singer,82
keyboards,10
trophy,4
button,22
kind,39
nice,5
performer,40
split,1
trio,1
racers,12
stencil,1
plush,2
figure,47
cones,80
milk,17
crackhead,1
tunics,2
cardigan,19
BMXer,1
ballets,1
land,24
handrail,34
boardwalk,24
clipboard,1
Swimmers,19
racer,26
Number,16
60,1
lead,8
drivers,1
curve,1
individual,88
belly,15
Motorcycles,6
designs,25
tile,38
cans,39
crates,37
excited,1
rainbow,21
mechanical,6
goat,41
motion,2
wet,35
binders,3
tambourines,7
Bud,1
Light,1
framed,6
art,122
wire,47
scenic,8
curling,3
competitor,5
Lady,133
thrown,1
check,10
laptop,195
instruments,236
heart,25
taken,1
elephant,71
wigs,18
daughter,111
buckets,74
containers,20
crying,5
crib,24
name,19
brand,1
earphones,29
mic,19
Hawaiian,1
lei,2
trousers,14
notebook,18
plate,161
stoop,1
icon,1
baggy,5
cargo,9
sleeveless,14
headscarf,39
shave,1
end,22
puck,6
electrical,8
armed,3
concrete,240
balls,184
map,31
bundles,1
shower,18
shampoo,8
fair,4
Police,32
department,2
member,9
color,16
blurry,3
civilians,6
stirs,2
concerned,1
mattress,11
spiderman,1
snacks,32
driver,54
employees,26
monk,16
teacher,57
headphones,198
mom,71
shoulders,38
trampoline,14
God,3
skinny,6
gymnastic,2
computers,88
paw,11
skies,21
skis,90
teens,29
footbridge,3
auto,3
firemen,47
oxygen,1
tanks,6
backs,14
push,12
buses,23
accident,5
medical,14
victims,1
creating,1
multicolored,8
lantern,10
least,4
13,2
monitors,13
wind,10
gym,10
mountaineer,4
pitbull,15
friend,50
clowns,26
tire,121
cow,118
sleep,4
llamas,4
spray,19
crawls,1
floors,24
seagulls,22
laundry,57
sweaters,32
dancers,79
lots,18
portable,3
toilets,2
crops,24
tropical,3
fountains,7
slab,3
crouching,1
embankment,1
mess,4
Guys,22
hoops,16
newlywed,1
passerby,3
yarn,37
knitting,1
needles,1
halter,8
parasail,1
harness,43
BMX,19
climbers,9
automobiles,5
circular,7
machinery,52
sparks,22
Spanish,3
stretches,2
boulder,23
happy,20
laugh,8
cake,196
monkey,23
heels,114
cacti,3
grilling,2
flute,5
textbook,2
rings,18
shoot,2
garment,25
watered,1
round,10
sweaty,2
more,7
surface,51
catcher,86
greens,7
Jockey,5
age,2
ten,1
fans,87
burgundy,3
tour,3
interesting,4
jumpsuits,13
scaffolding,113
guests,12
skateboarders,13
assorted,1
bucking,19
napping,1
cello,2
Climber,3
fishermen,11
cape,17
vacuum,9
cleaner,4
greyhounds,23
formation,4
Skiiers,8
wheeler,45
hoe,1
hoods,8
puddle,19
messy,1
footrests,1
diagram,1
feather,25
vendors,28
grilled,2
violin,25
Mother,35
Alice,1
wonderland,1
Wall,1
E,1
robot,1
Stitch,3
ATV,51
bronze,2
laps,3
wheelie,23
Bald,5
headed,3
earmuffs,12
pad,10
onlookers,183
Green,4
puddles,9
lunch,50
lands,1
punch,4
money,45
manual,2
dolls,21
garb,80
motorboat,7
tiles,20
carrier,1
places,1
numbers,63
cowboys,30
dishes,66
snowshoers,1
lifeguard,7
briefcases,6
Peter,1
balding,3
clay,29
you,2
written,1
leotard,15
case,16
projector,17
youths,28
raft,85
cookies,18
bakery,10
prayer,3
wrapper,2
Painters,3
overalls,132
charcoal,2
grill,202
London,5
2012,2
booth,31
Phonecard,1
model,21
can,54
amazement,2
lovers,4
urban,6
hot,20
camp,1
indoors,4
marketplace,3
snowball,17
variety,2
shops,40
ensemble,1
organ,1
hall,17
parasailing,2
statues,30
Boys,69
control,2
cleats,11
cheek,34
mixture,2
flaming,4
swimsuits,50
straight,8
blocks,38
toes,7
backseat,4
pitcher,90
batter,47
last,1
anchors,1
drive,3
tractor,101
link,1
torso,3
press,1
caps,74
lanes,3
artistic,2
leotards,3
Brunette,3
kickball,1
glacier,10
ribbon,25
narrow,1
roadway,15
foreign,2
lace,3
dusty,5
patriotic,7
convertible,2
foam,10
indian,2
garments,13
ax,1
badminton,6
mustached,1
displays,1
bats,4
yoga,15
studio,1
orchestra,7
works,1
twine,5
environment,1
harmonica,10
amp,1
goods,68
carpet,71
ribs,5
bib,37
spoon,57
Brown,24
chest,48
free,21
nightclub,1
plates,74
rollerblades,41
decorations,21
Child,136
hose,60
gloves,332
Cheerleaders,45
bows,10
walkers,7
Band,19
church,54
schoolgirls,12
pelicans,5
chess,28
crafts,18
dots,2
forms,4
donkey,75
birds,88
poor,5
dam,1
blowing,2
apart,1
Xylophonists,1
fashionable,1
hoses,8
senior,7
knit,34
symbol,7
steam,7
soldiers,72
trolley,31
Girl,288
silk,7
advertisements,25
shawl,33
corsage,2
Shop,14
Team,4
cheerleading,3
firefighter,44
telephone,9
gondola,5
amount,2
debris,30
24,3
bagpipes,29
cupcake,5
frosting,6
columns,30
Players,20
paints,7
mops,6
upper,2
smoke,74
bicyclists,80
briefcase,31
tulips,18
ATVs,5
beret,43
popcorn,12
walkways,2
sailor,14
Actors,5
toast,5
neon,3
52,1
canoeing,1
officers,81
sea,91
Railway,1
employee,14
wheels,60
fireworks,24
Truck,5
LA,2
driveway,28
handle,17
redhead,11
tight,3
fist,9
Chinese,13
dragon,4
smartphone,3
lavender,2
scarves,35
jeep,37
ethnic,3
dish,41
mature,3
Radio,1
breakdances,1
fanny,2
pack,12
architectural,5
design,10
slacks,64
rounded,1
step,17
Picture,1
eyed,3
cloudy,11
barista,1
tray,71
espresso,2
cash,4
register,1
fresh,18
lettuce,10
local,8
things,68
chefs,32
hood,50
Dirt,5
rally,2
photographers,27
sculptures,8
dusk,17
bills,2
skiers,52
woodland,9
parasol,9
lock,13
lasso,1
Hotel,1
whose,9
bass,13
Cars,20
chalkboard,6
classroom,14
Blond,4
railroad,39
Boaters,1
damn,1
Muslims,2
culottes,1
opened,1
library,11
shows,1
stare,2
Ballplayers,1
possibly,2
electronic,2
panhandling,1
Bike,15
wrecks,1
skater,35
ships,2
Everyone,13
sails,5
jungle,5
spaghetti,4
strap,8
marshmallows,6
plaza,16
judges,10
skating,1
rice,27
grains,6
vase,14
daffodils,4
Dogs,42
muzzles,17
bamboo,16
goats,21
kayaking,2
Shirtless,1
dandilions,1
neighborhood,10
peoples,11
camping,6
rolls,3
itself,19
cricket,16
boxers,34
Kids,192
staircase,104
Boston,3
faced,1
tattoo,142
tortoise,3
strawberry,12
filming,1
workout,2
creations,1
farmer,17
waterfall,80
equestrian,12
Texas,1
12,3
umpire,41
call,2
gesture,9
enclosed,3
Brazilian,1
handbag,33
soldier,118
headgear,21
Thomas,5
Train,2
bay,10
pineapple,6
fruits,72
winding,2
insect,5
bloom,3
flowering,1
plant,71
retail,1
Mexico,1
security,9
gorilla,5
bridesmaids,26
cyclists,93
uphill,1
mounted,1
butchers,3
Fisherman,7
hook,7
attend,1
social,4
knife,66
kilt,30
hairstyle,10
campus,2
teddy,7
bear,48
pony,25
Tennis,1
lobster,4
Vendors,13
DJ,5
speakers,10
fisherman,60
nets,16
villagers,4
Technicians,1
underground,2
devil,1
boats,141
China,3
swan,25
courtyard,21
cab,14
personnel,11
brass,23
reception,2
motions,1
pacifier,19
ridge,3
tug,1
war,5
marina,5
ramps,7
pharmacy,1
commuters,5
siding,2
muzzle,21
peak,2
gaze,4
midriff,3
wife,40
billboards,11
rowboat,31
Harley,1
frame,29
polos,3
awnings,5
Passersby,7
Shoppers,20
reflection,14
Tourists,45
skiff,2
read,3
coverings,3
mechanic,13
repairs,4
Obama,4
Chris,2
suite,3
Mom,11
rules,1
slam,3
dunk,2
SUV,38
Nike,3
historic,1
second,6
dunes,3
ropes,61
elder,2
dough,42
printed,4
Surfer,20
wolf,2
farm,9
Customers,29
Ladies,18
Joe,1
treat,2
backpackers,6
hike,5
snowstorm,2
puppets,3
convention,1
trays,14
starting,3
Handyman,1
passenger,14
trashcan,8
blankets,44
towels,13
martini,1
load,1
Graffiti,9
covers,5
most,12
tabby,1
patio,41
passersby,19
Trolleys,1
bee,8
rug,55
drummers,2
shaped,9
toe,7
snowboard,116
Guy,125
video,30
newspapers,48
cracker,1
bowtie,3
stuff,10
onesie,5
dollhouse,3
furniture,45
Roman,2
sari,11
clothesline,4
card,11
trash,61
elevator,18
cabinet,16
Army,2
vehicles,70
miniature,2
Jokey,1
hurdle,4
poles,96
canoe,145
aprons,39
bubble,11
political,1
closeup,2
platter,9
canapes,1
rear,7
mainly,2
referees,5
fabric,96
welding,6
exterior,2
Guests,2
army,12
foliage,25
law,3
enforcement,2
forestry,3
gift,14
Ice,3
classmates,1
shack,3
snowboarding,6
pastry,9
morning,1
breakfast,17
noodle,1
pedestrian,23
marsh,9
crafting,1
cemetery,4
devices,9
stretch,2
fishnet,3
bodysuits,3
perhaps,3
suites,2
tongs,15
technician,12
Baby,42
sash,7
angels,7
first,8
knuckle,1
planter,2
surrounding,1
crayon,6
ukulele,1
doors,73
five,18
arches,4
watering,4
kick,8
bathroom,28
asphalt,12
surgeon,11
patient,22
cigarettes,21
games,15
television,15
activities,1
structures,7
94,1
skills,1
juggler,6
item,6
Haiti,1
saris,7
rowing,4
sword,32
grills,4
hamburger,7
patties,1
tiara,12
kiosk,1
beachfront,5
tassel,3
bands,2
skyline,12
cooks,12
modern,3
Road,5
piles,8
distant,5
spices,3
dachshund,7
backward,1
reunion,1
dandelion,10
real,3
inflated,3
pigeon,21
camels,48
lambs,5
earrings,30
ambulance,15
belongings,9
miniskirt,1
eyeglasses,35
Cola,3
soda,34
chocolate,27
Bagpipes,1
drops,1
dome,5
cityscape,7
weight,1
pull,5
tips,4
campers,5
coast,11
fencing,5
hotdog,4
gates,13
cobbled,1
Firefighters,38
buggy,5
liquor,6
Free,4
interact,1
handmade,4
snowmen,2
4,4
roped,1
drag,7
queen,6
Orange,1
locomotives,1
state,2
slicked,1
recorder,2
separate,3
mock,1
stones,42
Spectators,38
pots,31
rapids,11
Spiderman,7
aquatic,2
sets,2
ballerinas,9
guides,1
aisle,7
wig,48
waterway,12
compass,1
ticket,1
instructions,2
swimmers,29
Ramirez,1
stockings,18
pencil,20
ear,76
mug,29
natural,2
snake,8
iced,1
gloved,1
shade,25
athletic,7
dishwasher,18
pottery,42
flights,1
desserts,6
adolescent,5
lagoon,4
starfish,3
suspension,1
bridal,5
snack,31
disc,2
Boots,1
Rock,5
substance,4
Guitar,3
Hero,3
1,7
mountainside,18
drunk,2
hammock,15
curious,3
drop,1
maintenance,6
priest,15
sunbathers,5
uniformed,2
residential,2
prominent,1
towers,4
thin,2
hamburgers,17
10,1
descent,1
Berlin,5
egret,3
really,3
baked,17
cakes,14
Welcome,8
Bikers,16
pitchers,4
words,32
trophies,3
linen,3
pie,21
cranberries,1
cherries,4
mass,1
pallet,1
glove,48
cylinders,1
tablet,1
chopsticks,35
cameramen,8
film,1
types,5
patrons,8
Jack,3
Coeds,1
us,1
pale,5
operator,2
John,5
War,2
flame,5
haircut,79
streamers,9
bikinis,42
embrace,1
potty,1
South,1
kicker,3
horizontal,3
laundromat,1
waitress,29
Kaitlin,1
shawls,3
Deli,1
excitement,2
entertainers,7
pouch,5
headdress,15
skydiving,2
grin,4
scuba,45
divers,15
fashion,9
antique,1
broken,12
broom,25
dustpan,7
protesters,15
auditorium,3
coveralls,11
locomotive,9
droplets,1
tubs,2
28,1
study,1
so,1
Tourist,11
spikes,1
ditch,8
mannequin,5
mascara,14
eye,56
wallpaper,2
East,1
Sunglasses,1
coloring,3
Africa,1
floaties,8
Adults,32
cosplayers,2
enthusiasts,2
scruffy,2
raingear,1
visor,17
acrobats,2
fireman,41
U.S.,1
mittens,10
gorge,1
Bicyclist,12
cloud,13
dust,42
helping,1
scouts,3
bluff,3
twig,3
cookie,15
barricade,15
bulldozer,26
mop,15
skyscraper,7
dead,17
chickens,19
chicken,46
hundreds,2
order,1
Vegetables,1
arcade,2
foods,27
nuts,9
coconuts,12
rod,17
landscape,16
tutu,15
overhead,2
cheering,2
Toddler,22
vertical,9
scooters,49
curls,6
stem,2
weird,2
creature,2
crosswalk,55
expensive,1
wash,4
Motorbike,1
breed,1
slender,1
shovels,37
bears,6
candles,57
hate,2
Coast,1
Gas,1
bales,3
tub,61
years,2
harbor,17
grapes,6
cushion,12
Bryant,1
USA,3
defenders,8
leggings,47
sugar,5
weather,7
margarine,1
necklaces,22
beads,40
fluorescent,3
bulb,1
masks,36
jack,1
curtain,33
ad,7
stool,92
rounds,1
Odeon,1
bookbag,7
bad,4
bra,25
dominoes,9
googles,1
researchers,3
tech,2
jars,11
fingernail,1
mini,3
oversized,1
Subaru,1
injured,6
icicles,1
Officer,2
riot,3
than,1
multiple,12
package,6
velvet,7
shaved,1
sushi,8
noise,1
breathing,3
prizes,4
reindeer,3
angry,2
wicker,3
tiled,10
combat,1
posters,31
quarterback,16
Center,1
butcher,8
piercings,9
CD,1
tissue,2
bare,4
breeches,1
spurs,2
oxen,8
jumpers,1
lanterns,18
exercises,2
breeds,1
markings,1
Skier,13
creek,47
alcohol,21
hind,17
paws,19
rickshaw,13
Audi,1
change,2
weaving,2
xylophone,1
viewer,2
dawn,1
soil,23
string,21
Smoke,3
automobile,15
waders,2
Red,10
Bull,2
merchandise,30
Rocks,3
sunlight,14
basement,1
poodle,39
silhouetted,1
checkerboard,2
Family,30
wetsuits,19
dive,8
shaft,2
casino,2
shadow,60
Papa,1
soap,30
farmers,13
parachutes,7
Ford,5
lips,35
megaphone,1
caution,5
unison,2
domed,1
US,3
Townspeople,2
competitors,8
great,3
divided,1
shields,8
batman,2
patch,2
peers,3
fuzzy,1
defensive,2
Eight,2
protectors,1
reef,3
ref,1
harp,1
bedroom,8
furry,9
moped,49
Popcorn,1
kinds,4
clover,2
emblem,5
damages,1
stuntman,1
lime,1
skirts,97
stump,6
movement,1
packages,16
buffet,21
shells,3
marker,5
7,3
cheeks,15
bracelet,21
bob,1
singers,5
bunk,3
tricycle,28
indians,1
whole,6
darkened,1
Pink,6
tribal,1
huts,9
Unicef,1
sofa,86
lighthouse,13
pockets,3
strings,10
dads,1
turtle,7
suspenders,51
rack,17
lipstick,19
persons,32
owners,6
sunflower,2
pairs,4
scarfs,6
hummingbird,4
records,2
Wedding,1
attendees,5
bmx,4
Runners,33
crowds,6
viewfinder,1
married,3
too,3
stair,13
sideburns,2
harnesses,15
banjo,7
melon,3
Celtics,2
Screaming,3
advertising,4
information,9
dates,1
albums,1
videos,1
roses,31
Kid,34
bleachers,51
sack,13
violence,1
Father,22
billiard,1
stacked,2
logs,28
Cowboy,16
beverages,30
lassos,1
moccasins,2
elephants,19
snowing,1
cherry,9
stairway,36
spotlight,5
tram,9
Tents,1
Poncho,1
tape,14
decks,2
writings,1
cycling,9
handbags,5
supermarket,8
preschool,1
fake,9
treadmill,1
lighter,2
lego,2
rancher,2
built,4
plank,7
corgi,2
pipes,18
shield,6
burgers,16
birthday,8
somebody,16
gymnast,54
groceries,37
tugs,1
wakeboard,2
aflame,1
barrel,28
McDonald,5
takeout,2
pantyhose,6
catamaran,5
uncle,1
Brian,1
important,2
wine,53
javelin,1
deserts,2
stripe,29
wildflowers,5
holes,15
pails,5
Jersey,1
mount,1
crayons,41
lifts,1
canvas,19
confetti,18
trucks,32
whip,1
clean,2
mixed,1
escalator,37
polished,1
chopped,1
passengers,43
port,3
trench,1
sharks,2
cartoons,2
queue,1
tablecloth,13
burning,3
dandelions,11
wishing,1
cliffs,8
jugs,8
blazer,39
unknown,1
stores,25
cigar,3
whitewater,4
races,1
mantle,4
christmas,2
trunk,17
nun,18
booths,19
incline,1
Toy,2
components,1
Toys,2
lacrosse,8
Workmen,9
tambourine,2
wool,12
mid,2
manager,2
cactus,2
amazing,1
establishment,2
racks,3
recording,1
blow,9
wrong,1
religious,19
windbreaker,17
remote,2
tyre,1
countryside,5
kimono,20
Energy,1
donkeys,20
bookshelf,8
turbans,12
unusual,1
wares,8
!,1
beds,8
roofs,5
obstacles,8
branches,29
tundra,1
official,4
Friends,25
tail,32
Pedestrians,52
Times,1
Square,7
sled,125
material,14
sling,6
pillar,28
cobblestones,2
WheelPower,1
world,3
lovely,2
tide,9
armchair,2
dumpster,14
50,2
used,2
sombrero,5
sail,15
forrest,2
mules,5
pets,6
Motorcyclist,7
keeper,4
minds,1
fried,1
disposable,1
Couples,8
handlebars,14
hidden,1
moon,14
sketch,2
emergency,2
response,1
Visitors,5
pins,21
transport,1
sprinkler,16
Parents,8
rollerblader,1
banks,2
waffle,3
raincoat,29
artists,25
pigtails,52
Speaker,1
Businessman,7
recipe,7
pods,1
ingredients,30
telescopes,11
radio,7
snowboards,8
upturned,1
boards,17
wakeboarder,5
angles,1
egg,18
fork,11
Pitcher,7
turtleneck,10
El,3
weights,16
sporting,4
chandeliers,5
equally,1
pillars,22
arrows,9
badge,6
drumsticks,13
bathtub,29
feathers,29
Archaeologists,2
snowmobile,18
fields,13
Washington,6
alleyway,14
fatigues,19
mats,18
action,2
terrain,12
McDonalds,5
Gold,2
checkout,3
every,2
barrier,21
hipsters,1
news,5
hungry,2
banana,13
boa,1
baseman,10
expression,1
skimpy,3
demolished,1
excavator,6
french,1
names,3
fighters,12
my,3
Hockey,2
tinsel,5
curry,2
Scouts,1
Priests,2
noses,11
fur,52
sunrise,4
shadows,24
elbow,11
skaters,6
ties,20
origami,1
coaches,7
Olympic,3
Basketball,1
Mr.,2
desolate,1
highway,26
Student,4
chow,1
euro,1
minivan,13
beards,7
share,3
texts,1
waffles,4
lens,22
trains,19
canes,9
citizens,20
matches,1
drill,1
paperback,1
novel,2
shark,6
gay,4
pride,1
support,2
possible,2
roots,5
dried,5
girlfriend,16
homeless,1
fitness,1
pain,2
illuminated,5
fabrics,8
poolside,4
trailer,41
Monopoly,9
angle,1
soft,4
eyebrow,3
piercing,2
vessel,6
Greyhound,3
shelves,22
purses,33
logos,7
conical,1
consumers,3
cabin,6
complete,1
straws,3
kickboxing,1
U,1
haul,2
mansion,2
Crazy,1
hippie,4
hilly,3
manhole,1
coworker,2
pumpkin,32
demonstrators,1
rose,13
thermos,1
binoculars,31
loads,1
observing,1
surprised,5
saxophone,17
peppers,10
comic,1
Dave,1
restaurants,4
hoodoos,1
stars,20
makeshift,7
mountainous,16
putt,1
complex,6
folk,2
Market,2
skin,19
offerings,1
lemons,8
homes,9
wakeboards,2
sausages,20
Hotdog,1
motor,17
mist,5
floats,2
urinal,2
herd,3
cows,38
jelly,1
bean,2
mascot,12
alligator,3
poverty,1
Boat,7
lion,14
whatever,1
blood,17
Labors,1
boxed,1
husband,16
loudspeaker,1
Participants,4
spider,2
peer,1
scientist,16
sex,2
bibs,2
wield,1
mallets,1
crab,1
burger,3
browses,1
cables,16
champagne,10
futon,4
flock,5
curvy,1
corridor,3
blacktop,2
rooster,10
silly,1
Brigada,1
salesman,4
heavily,1
SpongeBob,8
crown,13
lighted,4
All,3
wheat,12
guide,2
poker,8
outstretched,2
fireplace,28
laboratory,2
railway,10
stomach,5
8026,1
amplifier,3
8,4
cotton,44
overlook,1
hospital,2
contestant,2
Nancy,2
Player,7
tag,25
helicopter,28
aircraft,4
cave,7
Crocs,4
strollers,26
lanyards,1
archery,1
fencers,2
suds,3
Teen,3
billiards,2
bulls,12
tribe,3
spirit,1
backlit,3
supervises,1
saws,1
Bruins,1
Pittsburgh,1
observers,3
glider,13
waiter,21
fine,3
beaver,1
trapeze,2
potatoes,19
lilypads,1
39,1
forehead,34
Jane,3
hopscotch,7
bonnet,1
pro,1
cuts,5
Motorcycle,11
storage,2
baking,3
wrestlers,26
Capris,2
photos,20
beers,28
power,14
freight,1
temple,5
identical,1
unique,2
roadside,4
deer,29
geese,22
focus,2
layers,1
nuns,8
zombie,1
watermelon,21
strawberries,9
meter,11
grating,1
cheese,26
kilts,12
Mountain,6
shit,1
Pugs,1
GIDDAY,1
seashells,1
$,4
price,1
altar,1
duster,1
Seagulls,3
airline,1
stewardess,5
Musicians,27
hooks,4
peach,6
mule,15
contemplates,1
racquet,2
necktie,7
trashcans,1
Winter,1
vases,5
jewelery,5
labs,1
bookbags,1
fold,1
interest,1
barber,27
Sisters,4
rocking,1
nude,3
sunhat,2
cloths,6
Waves,1
salad,18
pirate,3
protection,6
leis,5
barbell,1
portly,1
tracksuit,23
fedora,20
breads,3
lingerie,12
Supporters,1
leashes,29
fully,1
media,1
steer,6
telephones,2
actors,9
attendant,10
frog,4
jug,15
traps,1
anorak,2
School,5
Parade,1
ATMs,1
onion,9
stereo,2
solider,8
artifacts,4
babies,34
marked,1
bowties,4
mirrored,1
kit,2
Teenagers,21
common,1
fishers,1
pickup,1
sweatsuit,2
corral,2
quilt,4
cosplay,1
livestock,5
Jim,5
Bush,2
Sugarland,1
documents,4
folder,6
yo,2
prints,5
Boats,4
96,1
Republicans,1
your,4
Peoples,1
blossoms,11
rugs,9
packs,2
gallops,1
flooded,1
supplies,19
tutus,7
Moto,1
Sooners,1
ceramic,4
demolition,2
sleigh,4
article,1
Oh,1
salmon,4
washer,7
torch,12
skydivers,5
Fans,16
Flowers,4
Pumpkins,1
oar,10
wrap,7
tar,2
pebbles,5
sweats,5
kennel,2
duke,1
refreshments,10
tanned,1
pulley,5
veg,1
canyon,18
piggyback,4
pet,6
kangaroo,1
suspect,4
bearer,2
boxer,25
stretched,2
Bird,2
storefront,17
acting,1
bale,2
Starbucks,2
Stripper,1
gears,4
Farmers,3
woven,3
professionals,10
holder,4
notebooks,9
crutches,18
princess,15
litter,5
rapper,3
guitarists,5
meals,4
solo,1
grownup,1
spot,15
stoplight,5
desks,29
carton,6
Justice,1
carpeted,1
goatee,23
locals,6
silhouettes,1
Chevy,1
movie,6
rubber,17
Vocalist,1
Sublime,3
height,1
cocktail,2
violins,19
mobile,8
carving,1
Scrabble,1
goose,11
dinosaur,6
speaker,11
patterned,1
wheelers,2
reeds,8
sound,9
ban,2
clarinets,2
Somebody,5
responders,4
Nurses,6
muscles,2
chains,16
beating,1
images,9
mouse,6
Basket,1
arch,18
balconies,10
Gentleman,14
Motorcyclists,4
brothers,10
love,4
zoo,2
Billy,1
cabbage,2
beans,8
Calvin,1
sledding,1
fog,15
rafts,16
Hair,2
stylist,2
cooked,6
any,1
kiteboarder,1
watercraft,10
exhibits,1
camper,11
vine,6
salads,3
oil,4
limousine,2
archway,13
Costco,1
league,2
extra,1
shares,1
vanilla,2
system,3
tap,2
&,2
clothed,2
Skynyrd,5
rolled,1
wheelbarrows,6
canal,7
chessboard,1
cowgirl,8
pump,3
reporter,6
everything,1
bicycling,4
Mardi,2
Gras,1
busts,1
fastball,1
Umpire,1
UPS,1
sparklers,17
rackets,2
subject,1
oboe,1
workman,8
crotch,1
handrails,2
trim,2
smoked,1
sat,1
smock,2
aim,1
zombies,3
director,2
windbreakers,1
fry,6
signals,1
point,8
braces,4
bye,1
crop,5
rubble,11
beauty,5
re,2
tongues,8
teething,2
pastel,1
moss,2
seesaw,1
snorkeling,1
accordions,3
diner,9
carefully,1
microscopes,21
chemicals,3
handheld,1
chin,12
Powell,1
taylor,1
hairnet,3
razor,13
slip,1
diver,17
photography,4
landmark,1
hides,1
Music,1
Clothes,1
sleeves,40
shocked,1
visitors,8
text,8
messaging,1
skull,20
turkey,16
lizard,1
blacksmith,7
hairy,3
hilltop,4
Baseball,3
pulleys,2
solitude,1
cheerleaders,52
batting,2
plateau,1
Window,4
cheerleader,12
conductor,7
Golden,6
Retriever,2
ankle,4
bells,3
clogs,2
shrine,5
tuxedo,36
feed,1
quaint,1
Hiker,6
backstroke,1
ringing,1
bell,5
ribbons,20
brace,2
bonfire,2
skillet,12
soup,16
campfire,7
girder,2
cubicles,2
Beatles,2
Hike,1
pretend,4
participant,4
Yankees,2
duct,3
dreads,13
beams,14
wineglasses,12
rabbits,19
beaker,11
pastries,15
pig,21
kites,18
surgery,5
rafters,3
stepladder,1
rifle,2
Rollerblades,17
root,1
9,2
Rodeo,3
shepherd,25
pocket,3
doctors,24
contact,2
moose,2
cadet,2
veterans,4
own,1
hotdogs,33
leave,1
vacant,1
presents,27
darts,8
stride,1
parallel,3
metropolitan,1
Greyhounds,5
BMW,7
pastor,3
organized,1
muscular,1
policemen,36
limes,4
bangs,8
kayaker,21
romantic,1
Derek,1
markers,3
berry,2
melons,10
raw,1
lettering,8
hogs,1
cages,10
Swimmer,7
percussion,2
elevators,1
lumber,11
showers,1
henna,1
knits,1
textile,4
golfer,18
facility,2
boulders,14
quarters,2
NYC,2
Childern,1
mics,1
heel,1
Dior,2
bait,2
controls,6
Terrier,8
trails,1
twelve,1
sanding,1
profile,2
purchases,2
appetizers,1
notepad,3
mallet,1
turban,35
frowns,2
furnished,1
bookshelves,5
Explorer,1
newsstand,1
lamb,6
rotisserie,1
sauce,10
foil,8
straps,13
Audience,1
bearing,1
Blackberry,1
crate,12
khakis,29
growing,1
upright,2
Blue,4
mosaic,4
plywood,8
drawings,9
dazzling,1
medals,6
parasails,1
facial,10
wineglass,1
weed,6
sculptor,10
herbs,12
DJing,1
Smirnoff,1
Barcelona,1
We,5
Teams,1
Kayaks,1
squares,2
zip,1
horn,13
kayaks,19
quad,2
Cop,2
cops,4
conduit,1
Commuters,6
dig,1
stock,1
TEAM,1
sucker,4
kitten,17
mechanics,5
pumpkins,13
workmen,11
streetlights,9
aluminum,4
lockers,7
basins,1
tablecloths,4
Unicyclist,1
Sculptor,1
veteran,2
pretzels,11
granite,2
Theatre,1
dessert,6
wake,2
volunteers,5
uggs,1
sweat,5
interested,2
couches,10
condom,1
bun,1
MacBook,5
furnace,3
assistant,2
greenhouse,4
abstract,1
genocide,1
greenery,15
officials,5
Performers,16
feathered,5
toddlers,51
turntable,1
kiddie,1
theme,1
bot,2
strainer,5
hips,6
eatery,3
fences,7
grain,15
barrels,18
Speedskater,1
storefronts,8
signage,8
Arabic,1
language,3
xylophones,3
thing,13
scale,1
Youth,3
stained,1
overhang,2
detergent,4
Scientists,4
57,1
slabs,2
paste,2
wallet,9
grandfather,6
grandchild,3
gifts,15
gum,12
tubes,7
wrestler,21
Collie,4
slippers,4
professors,1
bassist,4
raincoats,5
roast,5
poultry,5
lemon,5
NFL,1
mike,1
shrubbery,12
cubes,1
staff,13
horns,19
escape,1
Boss,1
screens,14
footballer,7
sailboats,16
END,2
Jockeys,7
blackjack,1
dealer,2
flippers,5
Tall,1
speed,4
monopoly,10
sombreros,5
kitchens,1
bookstore,7
pestle,3
HELL,3
sergeant,1
troops,2
fighter,5
hero,7
backpacker,14
mailbox,7
firetrucks,2
batons,9
monks,21
Jewish,1
Hikers,16
films,1
bowls,27
undershirt,12
pizzas,8
Indians,6
Ballerina,4
kettle,11
slogan,1
hitter,4
cob,3
diners,11
beak,11
cylinder,1
cottage,2
sweatshirts,20
Trolley,1
bridesmaid,11
Something,1
wallets,1
squirt,2
capris,2
antlers,2
tussle,1
roofing,1
hut,13
Beach,5
checkers,12
pumps,2
wedge,1
solution,1
lobsters,1
willing,1
contestants,3
carpenter,10
Every,1
fossils,1
bones,3
Chef,4
chops,1
Artist,8
blouses,1
pepper,2
cats,18
science,2
menus,6
entryway,2
X,1
creme,1
pendant,2
markets,1
onlooker,8
Cooks,4
tidal,1
professor,13
Waitress,2
waterskis,1
peaks,2
rental,1
Teens,6
Groucho,2
pencils,5
presumably,1
windsurfer,11
icy,11
Kayacker,1
population,1
Place,1
Union,1
glides,2
gondolas,3
Hipster,1
handler,4
barriers,9
pub,2
lollipops,5
scratches,2
bystander,1
ducks,43
Pokemon,3
earring,10
activity,1
circuit,2
gang,1
capes,2
airplanes,3
saddle,13
oars,14
metallic,4
slices,2
boogie,3
desktop,2
trainer,7
Security,1
those,14
volcanoes,1
fries,2
Adidas,1
footprints,7
tip,1
Shirts,3
rake,1
steamroller,2
brooms,15
harvested,1
Twister,7
violinist,1
brave,1
calendar,1
conifer,1
embroidered,1
Horse,9
sexy,5
braided,4
Hands,5
fingernails,4
Fathers,2
swordfish,4
donuts,12
acrobatic,1
insurance,2
coke,2
bounce,2
Soldier,5
hookahs,1
waterside,1
panel,8
punches,5
perfume,1
rakes,3
farming,1
snoopy,1
witness,1
pasture,7
Waitstaff,1
mortar,1
anchor,2
ornament,5
assembled,1
sparkly,1
Snowboarder,30
pamphlets,5
L.,1
Water,16
Cyclist,19
Parking,1
Dame,1
bottled,8
treads,2
leaders,4
samples,3
roulette,4
Candles,1
breaking,1
newly,1
constructed,1
lounge,3
taxis,8
cupcakes,11
fireside,1
boot,13
Jeeps,1
mulch,4
shadowy,1
robed,1
trek,1
summit,4
skeleton,2
Dalmation,2
heron,4
headset,12
seaweed,13
attraction,1
Park,5
ping,1
pong,4
tortillas,2
tuxedos,21
dugout,3
apples,32
Shirt,9
weapon,2
shapes,6
Pictures,1
twin,1
motorist,4
bystanders,26
cycle,3
Stevie,1
Wonder,3
ingredient,1
jar,16
illustration,3
hardware,2
puma,1
cord,4
Villager,1
leopard,3
sigh,1
flood,2
blade,2
sequins,1
spangles,1
smoothies,2
circles,6
Catcher,2
mothers,11
Prince,1
Fielder,2
cloaks,1
avenue,2
force,2
rims,1
sheepdog,6
fliers,10
Adirondack,1
movies,1
pudgy,1
glassware,3
innertube,2
texting,2
thousand,1
Dreams,3
iron,7
circus,1
braids,20
upstairs,2
felt,3
gazebo,11
postcards,6
turquoise,9
pant,11
daisy,1
sponge,4
headfirst,2
cases,1
wax,1
Frog,2
pages,1
runway,4
unicycles,6
sparkling,1
mob,2
barricades,3
Grandfather,3
mannequins,9
Usain,1
postman,1
mail,4
lamps,14
shin,2
perm,1
meats,13
Jesus,5
Hell,1
arid,2
tins,1
hammers,1
anvil,2
sleds,6
motorhome,1
cropped,3
ISAF,1
medieval,1
knight,2
bras,5
rocket,1
wetland,1
collars,9
rocker,7
spotters,2
muslim,1
packets,2
KitchenAid,6
appliances,2
clarinet,3
stilts,42
expressions,3
Car,7
snowfalls,3
Corgi,1
newlyweds,3
looms,1
drugstore,1
acrobatics,4
ShoeGasm,1
clerk,4
architect,1
architects,2
connectors,1
powered,1
sweet,2
napkin,3
internet,2
laborer,2
TV,7
Newlyweds,7
hound,7
prey,1
yachts,2
necked,1
Paul,3
memorial,4
Bicycles,3
37,2
Doctors,7
Rapids,1
Sightseers,1
grandmother,9
zebra,4
chemise,1
Military,2
outfielder,4
bases,3
hunter,2
camo,1
ornamental,2
wreckage,1
aside,1
beef,4
retriever,37
steeples,1
stickball,1
jobs,1
explosion,1
Space,1
pews,6
Yellow,1
levels,1
swans,8
Jumbotron,1
flatbed,3
chaps,9
freckles,3
guest,1
escalators,7
painter,19
cartwheels,4
cutouts,1
Volunteer,1
clippers,1
curtains,13
portraits,5
Reflections,1
trumpets,6
technique,1
techniques,1
waists,1
elevation,1
Joplin,1
fu,1
Adult,5
pregnant,2
Nintendo,3
Crowds,9
limo,10
owls,1
memorabilia,1
stories,1
chisel,11
carvings,1
congregation,2
twisting,1
crabs,6
boyfriend,1
presses,1
saddles,1
donut,1
plug,1
Trampolines,1
paddlers,3
hawk,10
Playboy,1
painters,6
railings,16
Swatch,1
arched,3
deli,9
drawer,7
sodas,6
participants,11
K,1
ranch,1
husky,4
watery,1
sisters,12
hallways,1
tapestry,1
tarpaulin,1
shallots,1
cultivated,1
letter,2
Diners,4
shelter,7
clocks,1
hedge,2
handkerchiefs,2
chipmunk,1
mimes,3
daddy,4
overcoat,21
44,1
stethoscope,1
woodwind,1
buckle,1
1915,1
1923,1
grip,2
overcast,1
sauna,4
kayakers,12
potter,1
Rotweiler,1
goldfish,1
tripods,4
planes,3
cooler,9
Crosswalk,1
Patrons,5
tarp,17
booklet,4
solid,1
dressy,1
symbols,7
bead,5
concoction,1
Samsung,1
sheer,1
ox,6
braid,4
pompoms,2
Builders,1
slider,1
cocker,1
snowmobiles,4
lodge,1
46,1
bottoms,29
vested,1
cop,14
kart,2
flutes,6
novelties,1
Demonstrators,3
mustard,3
Jelly,1
seniors,6
scissors,25
Cofain,1
tether,1
Golfer,4
golfers,3
cookout,1
Birthday,3
Quinn,1
Clown,8
reasons,1
Observers,3
lonely,4
mopeds,7
mushrooms,5
Travelers,6
junk,5
rig,1
preservers,1
aliens,2
clams,4
sweatpants,25
maneuvers,1
Tent,1
jetliner,1
sons,2
daylight,2
Zombies,1
awards,4
Good,2
ME,1
fangs,3
playpen,4
grate,4
James,3
pruning,1
motorcyclists,35
modular,1
Walgreens,3
nurses,17
prairie,2
chips,12
bulldog,9
Batman,3
viewers,4
scandal,1
stems,2
groomsmen,4
materials,9
owl,6
spa,2
samurai,1
volunteer,1
Pipe,1
literature,5
Ocean,3
hauling,1
workbench,1
didgeridoo,1
bumper,7
paperwork,23
breath,1
stairwell,7
Pigeons,3
storm,3
possessions,3
swamp,1
tux,3
bandana,1
motorbikes,29
carved,2
Gidday,1
Shack,2
Surgeons,5
exit,1
nunchaku,1
reporters,3
Farms,1
dumpsters,2
Wars,2
azure,1
Statue,5
Liberty,1
forearm,4
outfield,1
shuffles,1
shed,14
Znocob,1
Farmer,1
protester,11
plumbing,1
fixture,1
burlap,3
Cheerios,3
basketballs,10
Birmingham,2
spool,1
toboggan,1
SAN,1
schoolgirl,8
loafers,4
Bicyclers,4
Long,1
glow,2
countries,3
32,1
freshly,2
Portland,1
Condominiums,1
plugs,1
coal,4
incense,6
overpass,11
families,20
sashes,2
fists,5
Stargazer,1
candlelight,1
pedestal,5
Bank,1
America,1
cabs,2
Bridge,6
doberman,6
ads,1
models,3
makers,1
household,1
AIDS,2
Bar,6
heated,1
waterfalls,6
horned,1
Mothers,2
camcorder,7
sausage,9
tricycles,10
speedboat,7
Singer,12
Avril,1
keys,8
physical,3
community,7
warrior,4
breaded,1
Steam,2
blindfolded,1
cornrows,1
Tower,5
beast,1
headlamp,1
thatched,1
weld,2
barn,26
vegetation,16
nylon,2
equations,2
globe,1
squirrel,9
Miller,2
perfumes,1
idea,1
sure,1
schoolwork,2
17,1
parasols,3
seagull,24
shrub,1
pic,1
closet,1
pancake,8
waste,1
master,3
blender,2
Em,1
ADHD,1
buns,3
holders,1
pasta,7
chihuahua,4
drainage,2
pegs,1
powerpoint,3
paraphernalia,1
adobe,2
weeds,18
priests,1
Performer,3
Injured,1
bandages,2
wheelchairs,19
warriors,2
That,1
World,2
sponges,5
Hang,1
accents,1
rabbit,7
Frisbees,3
Policewoman,1
flyers,2
downstairs,1
fleece,8
kitty,4
monitor,15
brochures,3
varieties,1
Pepsi,3
Marlboro,1
highland,1
overcoats,2
residents,2
93,2
marbles,3
crossbones,1
Cyclists,21
jewlery,1
frying,6
backside,1
shots,10
array,1
headscarves,16
sucks,1
trike,3
telenet,1
programs,2
beats,1
Cameramen,2
terriers,4
padding,2
flooring,1
dials,1
Jake,1
procedures,1
geisha,1
Participant,2
limb,2
adidas,2
otherwise,2
Photographer,4
regalia,2
mountaineers,3
racquetball,1
plans,1
reed,1
sawhorses,1
toppings,5
breast,1
patients,1
Labrador,5
Bernard,1
gallon,2
coeds,1
king,1
moms,1
cymbals,1
craftsman,3
te,1
knob,2
tunic,17
florist,3
maps,6
fuchsia,1
Fishermen,7
dental,2
corset,5
aging,1
characters,22
toilet,18
suitcases,16
trinkets,5
satchel,7
sprinkle,1
bowler,6
campsite,3
waiters,2
padded,5
peacock,1
posts,5
Movers,1
axes,1
crampons,2
surfboards,12
Us,1
telling,2
stools,16
Policemen,5
Francisco,1
spotlights,3
merchant,3
pail,13
blinds,6
chemistry,2
wristbands,6
Industries,2
magenta,1
Onlookers,18
machete,5
Somone,1
daughters,2
Detroit,1
leafs,3
leader,5
sock,3
kiln,1
medicine,2
calligraphy,4
dinosaurs,2
treats,4
Neptuno,1
sportswear,2
kabobs,5
dove,2
poncho,8
countertop,6
NY,2
Volunteers,5
ash,1
excavators,1
affection,1
heavyset,1
Author,1
coverall,1
whips,2
llama,6
Doctor,4
popsicle,1
railroads,1
amphitheater,1
Protesters,30
iPods,1
Kitty,1
hedges,11
thrill,2
curved,5
knives,16
steaks,9
gardeners,1
Horses,7
courage,1
Canada,1
bone,7
airfield,2
technology,3
cucumber,2
Families,9
rusty,1
cabinetry,1
Law,1
stallion,2
delicious,1
headbands,6
timber,5
costumer,1
crag,1
Jeep,7
bathrooms,3
concessions,1
seeds,16
skill,2
prostrate,1
pearls,3
shoeless,1
veggies,2
sewer,1
stalks,2
undergarments,3
pug,4
coca,1
cola,1
Cross,1
washcloths,1
sunhats,7
knoll,1
seas,1
stencils,1
seafood,11
wiring,1
olives,4
scan,1
statutes,1
cots,3
crushers,1
cursive,1
grinder,4
bandannas,2
florists,1
twigs,4
President,1
Italian,2
booklets,1
40,2
Segway,1
hijab,2
spaces,1
harvest,2
celery,6
Yorkie,3
Heineken,1
majority,1
Flags,3
turkeys,7
gymnasts,4
repairman,2
Traveler,2
House,2
syringes,3
broth,1
barge,3
Bishop,1
collision,2
Firefighter,7
Fire,2
Department,1
windshield,5
animated,2
treatment,1
headlights,4
dentist,2
flames,23
burned,1
La,2
elves,1
enthusiastic,1
accessories,6
ing,1
roosters,1
threads,3
coastline,3
Spices,1
pizzeria,1
buttons,12
wrench,3
headwraps,3
mad,2
parrot,6
batsman,2
shrubs,11
cuisine,1
mouthguards,2
think,1
cycles,2
spatula,13
eyeshadow,5
Whatever,3
Tech,1
plaque,1
benching,1
trombone,1
rags,8
Grandma,1
granddaughter,3
Bruce,4
bodysuit,4
sacks,15
Carnival,1
Campers,2
bunnies,3
squash,2
Unified,1
EASTPAK,1
Love,2
Aloha,1
cellos,3
Winnie,3
ruins,9
Ski,4
gardening,4
23,1
dunks,1
synthesizer,1
dalmatians,1
pharmacist,4
houseboat,1
ERA,1
19,1
Adobe,2
crazy,2
Solider,1
safely,1
lid,11
Blacksmith,1
badges,7
woody,1
designer,1
gutters,1
Trees,2
comforter,7
veil,7
taste,1
author,3
netting,5
basin,4
electronics,9
engineer,3
restroom,1
awning,25
pendants,1
marriage,4
Rick,1
Vivian,1
Phil,1
lampshade,5
liner,1
torches,10
arrival,1
baggage,3
trouser,2
televisions,3
fender,1
castanhas,1
citizen,7
forklift,2
nanny,2
neighbors,1
Cat,2
crews,1
everyone,13
ham,1
briefs,3
comb,6
math,2
problems,1
firearms,1
crescent,1
Cowboys,7
assemble,1
hangers,1
Computer,1
donations,1
Helicopter,3
caged,3
technicians,2
plaques,2
contractors,1
folks,9
drain,4
youngster,10
Kites,1
Carnoustie,1
lilies,1
Olympians,1
silverware,2
Dancers,20
travelers,4
gateway,1
pans,15
typewriter,4
fowl,2
magician,3
bugs,2
popscicles,1
footballers,4
nylons,1
inspectors,1
movements,1
cupboard,3
hoodies,10
pirates,12
inscription,2
ink,6
ma,3
ponytails,6
Jet,2
americans,1
keyboardist,2
Folks,3
Musician,15
pop,2
creepy,1
handstands,2
alcoholic,3
Coke,4
earbuds,13
coworkers,2
loaves,2
Backpackers,2
roads,3
sidewalks,7
elders,1
Shirley,1
bullfighter,1
data,1
Reporters,2
commentators,2
Field,1
sundown,2
rowers,1
matador,4
underpass,1
column,6
saxophones,13
sledge,2
Nissan,3
screwdrivers,2
Riders,6
mailman,5
bible,1
brain,1
alcove,1
tugboat,1
cuffs,5
seaside,6
renaissance,1
Honda,1
ones,6
Grandparents,3
adornment,1
blonds,4
Gentlemen,6
Teachers,1
Passengers,14
glassing,1
daredevil,1
lizards,3
unicorn,1
frock,1
lanyard,3
goodies,1
handlebar,2
metals,3
Peeps,2
Wrestlers,2
coyote,1
salt,3
Tackle,1
tusks,1
hacksaws,1
Scientist,3
knifes,1
Singers,4
coins,2
Guard,1
rifles,5
Animal,2
targets,2
cricketer,3
saucer,1
Rider,2
Cheerleader,1
fights,1
Olympian,2
footprint,1
Violinist,2
boiled,1
license,1
Hulk,1
rivers,1
hope,1
wrists,3
squad,9
folders,6
Navy,1
refs,1
wok,8
spectator,2
postal,1
refrigerator,3
Tibetan,1
Monks,4
ballons,2
2nd,1
3rd,1
authority,1
lava,1
sneaks,1
airliner,2
geishas,2
supper,1
dip,1
stitch,3
onions,8
yams,2
burners,1
Americans,19
subjects,1
traveler,4
forks,3
tin,4
Yankee,2
clubs,1
fronds,2
pancakes,8
Quarterback,4
Tim,1
Tebow,1
Lifeguards,2
marionette,1
Bystanders,2
rooftops,2
departure,1
frisbees,1
Revelers,1
bonnets,4
powder,5
neckties,1
culinary,1
Kim,1
pokemon,1
squints,1
Lego,1
pamphlet,4
Wanker,1
catchers,2
infants,9
highchairs,3
sticker,6
o,1
Jets,1
tasty,5
killer,1
Chanel,1
hoes,5
shrimp,6
evergreen,2
diapers,5
cashier,6
kebabs,2
Policeman,3
Martial,1
turnips,1
Stevedores,1
shopkeeper,2
grasses,6
grasslands,1
Salyo,1
openings,1
respirator,1
suited,1
giraffe,1
knights,3
able,1
sweatband,3
mart,1
sweeper,1
judge,4
planted,1
cork,2
key,1
trailers,1
skeletons,2
flats,1
Sailors,3
driftwood,1
Steve,2
cam,1
gal,1
booze,1
Foosball,2
flash,1
gadget,1
mermaid,6
dresser,4
Climbers,2
electrician,5
circuits,1
backhoe,14
determined,1
measurements,1
jetty,3
lawns,1
businesses,1
bins,9
Hebrew,1
muffin,1
whale,1
prevention,1
joggers,4
Carol,1
Capoeira,1
paragliding,1
parachuting,1
panties,2
insects,1
fins,3
stony,2
pineapples,9
dealership,4
winged,1
potato,13
Volkswagen,3
Oregon,1
Tomatoes,1
Bag,1
Ambulance,1
Foods,1
Homophobia,1
Dorthy,1
Gymnast,9
Cows,1
laborers,2
smocks,2
troop,1
mountaintops,2
pelican,8
headpiece,2
snorkel,2
Christ,1
Officers,2
cathedral,4
pilots,2
articles,2
propane,1
calves,1
sandwiches,9
loveseat,1
girlfriends,2
rectangular,4
Employees,4
Audiences,1
mouthed,2
sneaker,5
brownies,2
Banners,1
Crisco,1
fillets,1
sweets,3
racehorses,1
Handstand,1
flares,2
saxophonist,1
jewelries,1
grocer,2
streams,2
rent,1
beaded,3
labels,2
Victoria,3
ponies,1
PLayers,1
culvert,1
Peoople,1
risers,1
Cub,1
1:10,1
skydiver,3
caricature,1
dolphins,8
buoy,1
magic,1
Barber,2
bum,1
flyer,2
dear,2
skewers,5
bridges,4
landscaped,1
Fishmonger,1
passer,4
byes,1
wristband,8
caretakers,1
Hurdlers,1
chorus,1
P,1
detritus,1
would,1
scribe,1
coasts,1
arcs,1
Corona,1
vials,2
Jacket,3
barbecues,1
footstool,2
winner,1
burns,1
solder,1
quarterbacks,3
banister,2
Swans,1
bratwurst,4
Grill,1
ugly,1
dimples,1
urinals,1
lyrics,1
knitted,6
weave,1
marine,4
Groom,5
vents,2
tears,1
ducts,1
commander,1
combatants,2
crocs,3
dragsters,1
steers,1
OBLIGATOIRE,1
todos,1
Sport,1
cushions,3
goalkeeper,4
caricatures,2
Oreos,2
adolescents,4
headline,2
Change,1
rather,5
Sea,1
clothespins,2
Waiters,2
vespa,2
Trucks,1
foundation,4
pork,1
worried,2
THE,1
SHOP,1
panda,1
lifeguards,4
Filosofie,1
steak,6
copy,1
Who,2
Laura,1
rottweiler,5
plaster,3
tails,5
chief,4
parachutist,3
murals,3
Hut,1
Infant,2
usa,1
mirrors,5
mast,2
servers,1
Sheep,1
tobacco,1
weapons,7
breeze,1
dj,2
knobs,1
Bilbo,1
shutter,2
Pilot,7
smores,1
cranes,4
natives,1
Model,2
terracotta,1
Vira,2
Teenager,3
siblings,2
librarian,1
Headphones,1
contemporary,1
ruffles,3
hummer,1
roommates,2
Tom,2
cucumbers,4
property,2
additional,1
Multicolored,1
cabbages,1
broccoli,7
Skateboarders,4
reflections,1
chandelier,6
chapstick,1
paraplegic,1
crocodile,4
ninjas,1
Cellist,1
Individuals,9
Muslim,3
corndogs,5
notepads,2
notice,1
prices,4
brim,1
bistro,1
sprouts,1
Royal,1
poet,1
patron,1
reel,1
boarders,1
Jaguar,1
bedspread,2
Playa,1
cookbook,3
fleeces,1
Twins,4
Mike,1
14,1
atv,4
hardcover,1
woodwork,1
skins,2
kegs,2
Meat,1
Butcher,1
audio,5
Land,1
Rover,1
ladle,5
seductive,1
waitresses,2
falcon,5
rodent,2
masonry,1
Peace,2
retrievers,1
reins,1
Slurpees,1
VHJ-969,1
woodblock,1
whisk,1
apparatus,1
paramedic,4
Puppeteer,2
Please,1
laughter,1
platters,3
plains,1
gents,1
textiles,3
Highway,2
stickers,4
icons,1
glitter,1
chimney,6
ravine,3
armchairs,1
Newborn,1
Entertainers,2
Blockbuster,1
foul,1
Ken,1
apartments,2
Teacher,7
Outfits,1
Mechanic,1
Toddlers,2
Watermelons,2
Mambo,1
jackhammers,2
PCs,1
AstroTurf,2
antenna,2
Goofy,3
Cyranka,1
Biker,15
Items,1
calculator,1
Mr,1
fringed,1
Frank,2
brides,3
jaw,2
Artists,3
griddle,2
Dancer,1
spears,2
slats,1
jets,3
liquids,1
terrace,2
Skater,3
gender,1
burkas,2
turtles,1
sandal,4
portables,1
Cook,3
gravy,2
shingles,10
Tinkerbell,1
biscuit,1
counters,4
barbed,2
elastic,1
carpentry,1
martinis,1
veils,1
Buddha,1
cockpit,6
Oranges,2
e,2
Canoers,1
crow,1
condition,1
grimacing,1
Gymnasts,1
Trash,1
Joggers,3
Mark,2
fondue,2
doughnut,1
discs,1
spindle,1
grandparents,1
olympic,1
Willie,2
Pigeon,1
attractions,1
bouquets,4
clip,1
goggle,1
twins,3
management,1
Footballers,1
elbows,1
creamer,2
lease,1
actor,5
Batgirl,1
headdresses,7
cabana,1
chairlift,1
ethnicity,1
Goalie,3
saucers,3
tracksuits,1
Camera,1
Sting,1
astroturf,1
fluid,5
tractors,1
shakers,1
Bubbles,2
innertubes,5
stationary,1
promoting,1
Harlem,1
breaststroke,1
gavel,1
seed,2
spokes,1
Fox,1
Factory,1
trombones,2
pallets,1
envelope,3
Husband,1
handled,2
researcher,1
Huskies,1
Palestinians,2
preserves,1
shutters,3
languages,1
Facebook,1
brakes,1
wheelies,2
per,1
gull,3
woks,1
sands,4
Brothers,1
health,1
recliner,8
scientists,3
33,1
humans,5
coaching,1
shears,1
amateur,2
videographer,1
Cash,2
Wrap,2
knick,2
binocular,1
evil,2
confronts,1
slush,1
amps,1
Just,1
snowballs,1
i,2
mint,1
faucet,4
linens,1
pigs,10
ideas,1
traveller,1
interior,3
sungalsses,2
transformers,1
Wok,1
Athlete,4
cocktails,7
plow,2
waistband,1
pepsi,1
aviation,1
windsurfers,2
figurines,2
whites,2
Coaches,1
Planeta,1
KENYA,1
sole,1
yacht,2
policewoman,3
Gymnastics,1
AX,1
theaters,1
West,1
Art,1
Museum,1
PRZEMEK,1
dragster,1
grape,2
staffs,1
skulls,2
nerf,1
beanches,1
Septu,1
cornstalks,1
coals,4
afro,4
bickers,1
boarder,3
Fireman,5
Joey,2
Sharpie,1
Dumbo,1
Piazza,1
propeller,1
watercolors,2
syrup,3
doorbell,1
Bum,2
seamstress,1
Natives,1
Cellphone,1
Princess,2
stew,2
handcuffs,2
trolly,1
Rollerbladers,2
algae,1
fingerpaints,1
ump,1
Cops,1
MC,1
Poodles,1
Island,2
antiques,3
douchebag,1
lumberjack,3
Morse,2
BBQ,1
Dr.,1
butterflies,4
suv,3
snowsuits,3
relaxation,1
Coffee,1
biology,1
yolk,1
herder,1
hitch,1
eyelids,1
twister,5
laut,1
Tree,6
meaning,1
rods,5
dialect,1
curbside,1
Springboard,1
skywriting,1
buss,2
maid,4
utensil,3
buddies,1
cereal,8
Clarinets,1
grapple,1
Rollerblader,3
soloist,1
germany,1
blossom,1
UTOPIA,1
Tattoo,1
sarong,1
eyelashes,4
nipple,2
horseshoes,1
MORE,1
hell,1
PC,1
god,1
graduates,1
idol,1
paisley,1
teepee,4
tiers,1
Villagers,5
Dad,10
drapes,3
alpine,1
enthusiast,1
seabird,1
shadowing,1
splatter,1
squid,1
everybody,3
Gazelles,1
Amanda,2
times,1
turf,5
actress,1
gut,1
84,2
Gallery,1
sidecar,4
Arborist,1
Deer,2
palms,2
crocks,1
cleavage,2
ammunition,2
bagels,7
Ukraine,1
tanker,1
penguins,3
snowflakes,3
console,4
ipods,1
CDs,3
advertisers,1
Bliss,2
Segways,2
Buy,1
Magazine,3
D,2
tartan,1
turntables,1
Youngsters,3
Photojournalist,1
AK-47,1
Jews,1
Triathletes,1
whistles,1
Steers,1
lids,1
nordic,1
horsemen,2
Fruit,1
Vegetable,1
memo,1
sailors,5
Liquors,1
beachgoers,3
Ducati,1
roadways,1
sheriff,1
Komorowski,1
Doberman,5
spackle,1
Centre,1
daschund,2
peddles,1
Bagpipers,1
hairnets,2
canisters,1
Matador,2
hairdresser,2
Monk,4
ventilation,1
justice,2
bulldozers,1
Barefooted,1
Competitor,1
ledges,3
mown,1
Exodus,1
Daredevils,1
Battle,1
eyepieces,1
ASTI,1
Pleople,1
stumbles,1
DAME,1
santa,2
sleeper,1
Contestants,1
riff,1
jeeps,2
Storefronts,1
Barbers,2
prescriptions,3
legos,1
reflectors,1
Urdu,1
antelope,2
Racedog,1
representatives,2
ceilings,3
Choir,2
oceanic,1
rhododendron,1
drawers,2
Caviler,1
clifftop,1
Not,1
garland,2
archaeologist,1
famous,1
Echo,1
italian,1
floaters,2
Subjects,1
Reebok,1
judo,1
revelers,1
threes,1
Carpenter,1
outfielders,1
Foursome,1
compost,2
Monkey,1
Brad,1
firework,1
hangars,1
Sydney,1
YouTube,1
docks,3
Schipper,1
seaguls,1
sofas,3
tapestries,2
ChinaTown,1
Maid,1
Anchors,1
patterns,1
rigging,1
decals,8
slice,2
bongos,4
kneepads,3
Anderson,1
footpath,3
lampposts,1
posses,1
zoom,2
Snowboarders,3
treadmills,4
reds,1
Pop,1
corsets,3
condiments,3
teacups,1
Apples,1
George,4
tailor,1
girders,1
negotiates,1
Shine,1
courts,1
partake,1
knot,2
dice,2
Mega,1
WWII,1
Cubs,1
Pelican,1
tees,1
publications,1
Qualified,2
armbands,1
plenty,1
communications,2
Everybody,2
tabloid,1
dude,6
Era,1
Dachshund,2
Creek,1
daisies,2
Demonstrator,1
secretaries,1
vans,3
champ,1
Nadal,1
Zoey,1
toothpaste,1
easels,2
Parachuter,1
cosmetics,3
King,2
nerd,2
enough,2
condoms,5
Sidewalk,1
Marines,2
Passerby,2
tuxes,3
carriages,4
garter,5
volkswagen,1
dividers,1
Quiznos,2
beakers,4
jacuzzi,1
Sausages,1
Rodgers,4
blades,1
Nesquik,1
Marshmallow,1
Solders,1
brains,1
Surfers,7
bathers,1
wagons,5
lemonade,8
mantis,1
locks,1
Priest,2
altitude,1
Clear,1
Sheltie,1
Grandmother,6
canopies,1
Tank,2
mattresses,6
servant,1
Kimonos,1
Camels,3
Castro,1
murder,2
marshy,1
grandpa,3
cabinets,5
Mounted,1
manicure,2
consoles,1
mustaches,5
parcels,2
smudges,1
International,1
Motocross,2
grassland,1
Legacy,1
beanbags,6
cannons,1
buttercups,1
refuse,1
Giorgio,1
businesswoman,2
bikins,1
Roofer,1
pens,2
microwave,1
Lighthouse,1
Puppies,1
3646,1
Cameras,1
sunflowers,2
Birds,3
dikes,1
ranger,1
ripples,1
caulk,1
Chiefs,1
Waterskier,2
lenses,2
Referee,2
kabob,2
neckerchiefs,1
sawdust,1
Bobcat,1
beetles,1
Drummers,2
clause,1
shirtsleeves,1
rosebuds,1
pavilions,1
upholstered,1
Mannequins,2
paraglider,3
Former,1
Neude,1
dalmation,1
Landscapers,1
Pier,2
spaniel,5
engraved,1
delicatessen,1
paramedics,4
snowfall,1
cleaver,1
watercrafts,1
Sheepdog,1
astronauts,1
LEGO,1
fedoras,1
hostess,2
housing,3
quits,1
Karate,1
engineers,1
bulldogs,2
bowels,1
Moms,1
batteries,2
vandalism,2
No,4
Max,1
Fruits,2
Veggies,1
ashtray,2
acorn,2
Trainer,1
Lambs,1
Kite,3
Oil,1
sprinkles,2
seasonings,1
Tulowitzki,1
cal,1
ruffle,2
mountian,1
Riwal,1
foosball,6
pillowcase,1
paths,2
manure,2
Machinists,1
66,1
espn,1
Outdoors,1
journal,2
Shelton,1
server,3
Citizens,4
bustle,1
sparkles,1
horseman,1
strappy,1
hippies,2
Goose,1
underpants,2
DEMOS,1
chopper,1
eyeliner,4
pane,2
coupe,1
autos,1
peloton,1
Bang,1
Boom,1
wounds,3
delicate,2
Penn,1
Aaron,1
Donald,2
Spaniel,1
Rednecks,1
Bridal,1
LORD,1
Flight,1
governor,1
Bill,3
Orchestra,2
backback,1
dudes,1
soiled,1
stonework,2
buffalo,2
Schoolgirls,3
inspection,1
mailboxes,4
Che,1
Dennis,1
Ally,1
hobo,1
contractor,2
Spectator,1
Go,2
latte,1
Airplane,2
streetcar,1
Males,4
forests,1
pristine,1
classes,1
Camden,1
Interiors,2
cookware,1
Body,1
eyeglass,2
cruisers,1
tarps,1
grafitti,1
supporter,1
Clemson,1
WELCOME,2
togas,1
tiaras,1
Pool,1
rickshaws,2
CRAZI,1
gis,1
Pabst,1
chinos,1
sinks,2
shoeshines,1
glue,4
stalls,2
tress,3
bovine,1
wines,2
rescuers,1
Racers,6
whales,4
Sprinkler,1
Shepherds,1
Crusher,1
Cameraman,3
Levis,1
puffs,1
Barney,2
Graphics,1
dispenser,1
GNU,1
dinghy,2
Rollerblade,1
Micky,2
Palapa,1
pettipants,1
haystacks,1
fiancee,1
Umbrellas,2
riverside,1
Scotsman,1
ivy,3
rower,1
platforms,3
corks,1
poi,1
66197,1
gent,2
honk,1
nest,1
cot,1
cds,1
cantaloupes,1
Tipton,1
C,1
103,1
Barbies,1
Stormtrooper,1
Insulfoam,1
Duck,1
dryers,1
0095,1
marlin,1
kittens,3
organic,2
ferns,3
Teammates,3
digger,3
fiery,2
hombres,1
yogurt,1
reflector,2
mistletoe,1
smithy,1
mowers,1
Le,1
reptiles,1
Prius,1
cowgirls,1
Jouez,1
la,1
Stones,1
machetes,1
Staff,1
Officials,2
asparagus,4
hilltops,1
swimmies,2
habitat,1
softdrinks,1
bro,1
Rail,1
actresses,3
Chairs,2
hunt,1
Bananas,1
backgammon,1
soles,1
53:11,2
Andre,1
edifice,1
skunk,1
Gogh,1
Wrestler,2
scars,1
trampolines,1
strangers,1
Groceries,1
blazers,1
skylights,1
bellies,1
tender,1
Mime,1
Stars,1
amputee,2
AAA,1
Ribbon,1
reassurance,1
Mustangs,1
entrepreneur,1
haircuts,2
sculptors,1
Levi,1
Booth,1
stubble,1
trader,1
footwear,1
Metal,1
Pole,1
tubas,4
parchment,1
Youths,3
helium,1
pantry,1
casserole,4
satin,1
Hats,1
husk,1
spoons,8
freeway,1
podiums,3
throat,2
canister,2
moth,1
Swimming,2
instructors,1
handlers,2
bots,1
Veteran,1
Walkers,3
Laborers,2
painful,1
videographers,1
Lights,2
stabbed,1
servicemen,1
suns,1
swimsuites,1
armband,1
prostitute,1
chic,1
prediction,1
shopper,3
artichokes,3
reports,1
Skydivers,1
mugs,5
abdomen,1
Flautist,1
Baritone,1
asians,2
gingham,2
singlets,1
Cougar,1
Croquet,1
triangular,1
Furniture,2
Civilians,2
photographic,1
residence,1
earflaps,1
mortarboards,1
ponchos,5
buyer,2
representative,1
scrabble,3
scaffolds,2
bleacher,1
beanies,2
coupons,1
clippings,1
Madagascar,2
Guitarist,3
sitar,1
Building,1
Blacks,1
visitor,1
companies,2
Roof,1
appetizer,1
Darth,1
Buildings,1
eatables,1
mitten,1
slots,1
bannister,1
Barbara,1
violas,1
Elizabethan,1
Joseph,1
headscarfs,2
bookcase,6
sunroof,1
Cindy,1
Contortionist,1
victim,2
keg,2
humvee,1
B,1
fingertips,2
RONA,1
mallards,1
electricity,1
inscriptions,1
recycling,1
rucksack,3
ceramics,1
injury,1
Politicians,1
fear,1
fathers,1
Seniors,3
Mimes,2
Employee,1
Someones,1
SHIPPING,1
nozzle,1
flare,1
naturally,1
online,1
Friend,2
Bowler,1
stork,1
goatees,2
razors,2
maracas,2
Larkin,1
ANYTHING,1
archways,1
SOmeone,1
basemen,1
ledger,1
dropper,1
archers,1
Steph,1
grownups,4
drapery,1
Arrivo,1
Ruggers,1
idiot,1
Carts,1
gargoyle,1
Ramp,1
hijabs,3
musher,2
slushies,1
seamstresses,1
Andy,3
throughwindow,1
seconds,4
tassels,2
Bridesmaids,3
drug,2
tripe,1
Deveraux,1
Twizzlers,1
Triathlete,1
Costa,1
Flames,1
Zebra,1
tomatos,1
buckles,1
Connie,1
Facial,1
Artwork,2
Fellows,1
loader,1
Beachgoers,2
hipster,1
fairies,2
freeword,1
harry,1
hosiery,1
goblet,1
curlers,3
gourmet,1
omelet,2
expert,1
Teller,1
shingle,2
Rockers,1
cider,1
dreds,1
Lucy,1
bindi,1
pups,1
foal,2
manor,1
glassess,1
manuals,1
berries,2
nostrils,3
huskies,2
snooker,1
Veterans,2
cartons,1
Ferrell,1
dredging,1
coolers,9
dalmatian,1
spoonful,1
freesbies,1
politician,2
embroidery,2
ashes,1
loincloths,1
baggies,1
gliders,1
artisan,1
Grace,2
KFBK,1
missionary,1
Vader,2
hairstyles,3
chestnuts,1
Euros,1
relics,1
transvestite,2
fishnets,1
classwork,1
trooper,1
Cinderella,1
fooseball,1
benefactor,1
rotting,1
AHEAD,1
listeners,2
Ballerinas,3
saddlebags,1
NEVER,1
dungarees,1
foodstuffs,1
stallions,1
Josh,1
spark,1
needlepoint,1
specimens,1
packaged,1
Jeans,1
Bench,1
tiretracks,1
Lewis,1
ankles,1
headsets,2
Slim,1
escapes,1
Rabbits,2
Tv,1
Fireworks,2
cinnamon,1
headwear,1
Coworkers,1
Clowns,2
NO,1
QB,1
backflips,1
gorillas,3
tot,1
Huppe,1
pistil,1
SelektMail,1
salami,1
prosciutto,1
printer,2
dragons,1
Maritimo,1
baldness,1
DX,1
supporters,2
Guards,2
slideshow,1
Gay,1
Redhead,2
swine,1
likeness,1
FireFighters,1
Mormons,1
jasmine,1
Aladdin,4
magnet,1
brickwork,1
lances,1
eggplants,1
Bankside,2
Snowmobiler,1
biscuits,1
Confederate,1
Pops,1
eaves,1
dachshunds,2
canines,1
newsmen,1
showgirl,2
hors,2
marigold,1
Borders,1
Bookstore,1
Grownups,1
civillians,1
Heart,1
Gardener,1
blindfolds,2
Persons,2
presenter,1
Clouds,1
bumpers,1
conditioner,1
postcard,1
butts,1
draperies,1
radars,1
Marriott,1
stein,1
Shoes,1
clutter,1
dispensers,2
Pottery,2
midfield,1
Ouvert,1
sprayer,1
ghost,1
Graphite,1
Catering,1
Adolescents,1
junks,1
Kurt,2
Winner,1
Orhtophonie,2
rainwater,1
Kayaker,4
pheasant,1
limousines,1
teachers,3
Selena,1
Ahead,1
pulses,1
Females,4
Menus,1
blenders,2
popup,1
swordsman,1
pram,2
Canoes,1
Parasailer,1
miners,2
Jackie,2
tatoos,2
Ball,1
veterinarian,1
patriot,1
Chicken,1
INHABITABLE,1
gunshots,1
Lanterns,1
hairline,1
CAFE,1
Immigration,1
peacoat,1
DBS,1
saree,1
Salmon,1
cedar,3
headboard,1
brunettes,4
masters,1
Sparks,5
utilities,1
Workman,3
Yorkers,1
lampost,1
3443,1
Palace,2
grille,1
bifocals,1
Craftsman,3
Mitsubishi,1
bayonets,2
scrubbers,2
snowshoe,2
pines,1
minutes,1
Puppy,2
Hood,2
aviators,1
Pedestrian,3
lesbian,1
clamps,2
ketchup,2
sliced,1
rearview,1
glvoes,1
audiences,1
Your,1
minister,1
Jasmine,3
hotels,1
posture,1
Machu,1
paragraphs,1
outwear,1
keffiyahs,1
lecturers,1
hypocrites,1
hairs,1
Rafters,1
tinfoil,1
housewives,1
Carpenters,1
boatman,1
Miners,1
gunk,1
longboarder,1
terrified,1
snowbanks,1
entrees,1
spectacles,6
signboards,1
Vagabond,1
shepherds,1
SXSWO,1
DiPAOLA,1
costumers,1
herb,1
fabricator,1
racehorse,2
springs,1
Advertisements,1
pawns,1
lakeside,2
Fashion,1
Roger,1
carpets,3
papayas,1
flagpole,2
doorway-,1
crows,1
bridle,2
Troll,1
Troops,2
Pants,1
Negros,1
muffins,1
sections,1
Langostinos,1
stranger,1
Italiano,1
wieners,2
Entrada,1
passport,1
Wakeboarder,1
Clerks,1
trowels,1
cabins,2
pillowcases,2
grenade,1
Lucky,1
helment,1
radishes,1
ballast,1
Swan,2
detail,1
glassses,1
chairman,1
totes,1
robotic,1
thongs,1
SARAH,1
Concepts,2
sunshades,1
cub,1
GEntleman,1
Craftslady,1
cOS,1
foothills,1
Paper,1
BOX,1
Newscasters,1
Soy,1
Logo,1
Shane,1
Highschoolers,1
dyes,1
browns,1
blacks,1
moutains,1
placards,2
prosthetics,1
Grip,1
leverage,1
Tribesman,1
motorists,2
spirals,1
thong,3
galoshes,3
rainbows,2
Coach,1
islands,1
nametags,1
Stairs,1
yarmulke,1
FRANCE,1
Malaysia,1
sheaves,1
Drummer,2
Stewart,1
Pat,1
Amy,1
diagrams,1
margaritas,1
eyepatch,1
nissan,1
evergreens,1
defenseman,1
Racer,1
militants,1
authorities,1
Gardens,2
T.V.,1
canine,2
134,1
plantains,1
oatmeal,1
Hobophobia,1
powerboats,1
breasts,2
gangster,1
Romania,1
boater,1
Hippie,1
megaphones,1
loincloth,1
acid,3
Ariel,1
Genetic,2
daggers,1
Consumers,1
tilt,1
residue,1
peasants,1
fawns,1
weimaraner,1
babys,1
Tajdaw,1
stomp,1
floatlys,1
stills,1
skillets,1
saxaphones,1
fella,1
exclamation,1
Outer,1
Top,1
gardener,1
bacon,2
Railroad,1
carpeting,1
immigrant,1
Europeans,1
85,1
PAVITMENTO,1
cooker,1
leaguer,1
Renovations,1
colt,1
Vendor,2
practitioners,1
motorcyle,1
tightropes,2
THEFACESHOP,1
villager,1
bustier,2
bungalow,1
Bagpiper,1
puzzles,1
Johannesburg,1
eggplant,1
Monument,1
Memoria,1
GONTAGA,1
DELL,1
netball,1
erotica,1
Mandita,1
speedos,2
Tractors,1
sensei,1
softballs,1
Reporter,1
Age,1
Crates,1
Store,1
caregivers,1
Jaywalkers,1
dollies,4
SUVs,1
wardrobe,3
Fingernails,1
Politie,1
Barbecue,1
FROG,1
Roommate,1
bluetooth,1
Spears,1
Doe,1
Ravioli,1
refugees,2
figurine,1
gauges,2
footballs,1
pastels,1
wrappers,1
feline,1
unrest,1
smokestacks,1
Jimmy,1
magicians,1
amphibians,1
popsicles,1
housed,1
entrances,1
Firetrucks,3
Ovodafone,1
PitBull,1
pedicabs,1
switch,1
Coors,1
Shorts,2
Popsicles,1
theories,1
SWATCH,1
Son,1
Gyro,1
CHildren,1
Paramedics,1
Windsurfer,1
curbs,1
rodents,1
Eik,1
rosemary,1
Platform,1
tangles,1
Track,1
Anne,1
Cynthia,1
soloists,1
topping,1
Librarian,1
Largo,1
unite,1
cataract,1
didgeridoos,1
Cabins,1
Terriers,1
Taxis,1
votive,1
sheds,1
Paddlers,1
roofers,1
iguanas,1
yak,1
pitbulls,1
vineyards,1
N,1
dwarfs,1
Block,1
bricklayer,1
Grandpa,2
jewels,1
noddles,1
Shier,1
fridge,2
Presenters,1
housekeeper,1
Bisuter,1
lilacs,1
cheerios,1
Demos,1
Clydesdales,1
Feelings,1
swetashirts,1
hookers,1
Burrito,2
Rabbit,1
tobaggons,1
streetway,1
Rafts,1
canoers,1
objest,1
comfy,1
hazards,1
activist,1
powerlines,1
nostril,1
countertops,1
converge,1
hillock,1
Pitchers,1
Figure,1
centers,1
firecrackers,1
Ironman,1
torchlight,1
Bicycler,1
sauces,1
Spelunkers,1
plums,1
crisco,1
hearth,1
crunchy,2
Cariboos,1
bookmarks,1
broil,1
Polizes,1
shortstops,1
snout,1
mighty,1
aide,1
sandcastles,1
Commuter,1
Bing,1
leeks,1
Hairdressers,1
1889,1
Luke,1
spiders,1
craftsmen,1
bellhop,2
Begonias,1
lotion,1
Guiness,1
independent,1
pope,1
gulls,1
Silver,1
104,2
Violinists,1
Lenny,1
gaps,1
BRIGADA,1
Beauty,1
chimneys,1
stepladders,1
RR-16,1
Falcon,1
pontiac,1
equestrians,1
RollerSkaters,1
pugs,4
CAMARA,1
Cargo,1
Christians,1
cultivation,1
graffitti,1
flashcards,1
Welder,1
Trivia,1
handprints,1
burdens,1
antarctica,1
coyotes,1
shelving,3
vampires,1
showerhead,2
suffering,1
Harry,1
ottoman,2
puke,1
WHY,1
Outfielder,1
Attendees,1
dreeds,1
CYFD,1
Warriors,1
skid,1
phrases,1
RVs,1
exhaust,1
mikes,1
buoys,2
beaks,1
snowpants,1
lifeboat,2
paparazzi,1
Ballplayer,1
sealed,1
Gigolo,2
amplifiers,1
netbook,2
lesbians,1
suckers,2
pits,1
5028,1
Motor,1
Snowboard,1
STOMP,1
kitchenaid,1
hairbrush,1
shortstop,1
Savoie,1
Sailboats,1
Businesswoman,1
disks,1
Servers,1
Inspectors,1
fibers,1
firewood,1
Figures,1
broadcasters,1
Activists,1
Med,1
filler,1
Latinos,1
Auto,2
Mazda,2
Conductor,1
Stratego,1
Moseride,1
grout,2
microsoft,1
goldenrod,1
daschunds,1
Rowboat,1
Jeremy,1
labradoodle,1
peephole,1
nyc,1
raviolis,1
Bushy,1
Peolple,1
jail,1
Bread,1
cokes,1
2e3,1
Footprints,1
infrastructure,1
cutoffs,1
Messi,1
Merchants,1
townspeople,1
Homosexuals,1
Dobermans,1
cauliflower,1
paintbrushes,1
trikes,1
tulip,1
jello,1
Pickers,1
speedboats,1
Jermaine,1
peperoni,1
Speakers,1
Asus,1
whiteboards,1
Skylights,1
Diver,1
Map,1
facepaintings,1
honey,1
GDSD,1
minivans,1
helments,1
seekers,1
yoke,1
TKTS,1
Lumberjack,1
aerobatics,1
Commodore,1
iPads,1
Tulips,1
toddle,1
courthouse,1
nerds,1
Onlooker,1
Primor,1
Levin,1
pliers,1
levers,1
Fencers,1
pedicab,1
shepards,1
Smoking,1
Fence,1
cashiers,1
sleepwear,1
Danger,1
pinwheel,1
cypress,1
Setter,1
Judge,1
Voters,1
cappuccino,1
Shade,1
Juggler,1
Chihuahua,1
Ashtrays,1
furs,1
Lifeguard,1
ist,1
Torah,1
Rottweiler,1
Bushes,1
extras,1
johns,1
emblems,1
busboy,1
receptionist,1
Blake,1
Marley,1
chalkboards,1
Sailor,1
Instructor,1
Upstairs,1
collies,1
setter,1
tuner,1
Awards,1
cashews,1
Dates,1
Nuts,1
Kimora,1
blokes,1
stethoscopes,1
showman,1
Parishioners,1
zucchini,1
canvases,1
Characters,1
boe,1
Sister,1
pedestals,1
bedrooms,1
Babys,1
baseballs,1
Minivan,1
arrest,1
Foreigners,1
65,1
longboards,1
Gleati,1
Tractor,1
GROOM,1
historian,1
effigy,1
hangings,1
banjos,1
Schoolgirl,1
Nurse,1
Snacks,1
rotweiler,1
Drew,1
snowpile,1
Corps,1
knickers,1
snakes,2
535,1
flak,1
kevlar,1
Chickenfoot,1
singles,1
Bigg,1
Individual,1
farmhouse,1
Lotos,1
Painter,1
YumYumBowls,1
Shore,1
kits,1
Advertisement,1
Galina,1
Inga,1
ladys,1
cheeseburgers,1