word,freq
person,1740
woman,659
in,17
stripe,1
shirt,827
brown,24
window,1023
right,1601
of,105
the,309
tree,2002
guy,987
on,5
sign,350
mountainside,2
floor,431
people,1843
behind,23
with,6
coat,20
front,162
street,132
poeple,1
tall,10
building,1646
left,607
pink,13
pot,63
to,85
bottom,933
statue,146
grass,1289
lil,1
far,186
lady,286
chair,514
back,76
ther,1
face,487
white,126
thing,162
next,2
bed,634
wall,1198
flowers,121
his,13
hand,134
lights,16
above,22
heads,20
any,71
table,462
sky,5717
dome,3
steps,70
middle,233
car,612
plate,163
man,1504
water,1873
girl,552
jacket,147
beside,2
green,263
black,38
stuff,9
red,101
plant,165
brick,47
blue,117
center,80
trees,1283
door,289
and,11
virgola,1
wheel,52
sand,622
below,3
colorful,1
road,458
very,92
top,289
area,55
background,37
them,21
ground,1219
glass,170
palm,39
lower,9
drum,2
forest,12
mountains,303
fridge,7
hill,261
most,33
circular,1
are,4
under,1
clouds,556
side,58
corner,662
koala,12
only,6
not,20
food,32
snow,187
roof,205
dark,63
hills,84
stones,13
ppl,58
tire,26
van,77
drink,13
anywhere,69
just,33
first,3
fan,4
it,14
big,16
doorway,30
light,160
pole,77
bus,112
shawl,1
upper,29
looks,2
like,6
a,7
hut,64
ladies,5
second,3
cloud,369
shrubs,36
pigeon,11
boy,273
cliff,33
mountain,775
2nd,1
from,9
bro,1
looking,4
you,11
two,4
glasses,25
her,28
dirt,155
little,4
bit,3
air,2
low,5
tallest,10
hat,633
all,16
way,38
balcony,20
bike,418
beach,60
or,9
over,3
kids,50
branch,28
hanging,16
small,12
boat,282
peak,2
near,2
ceiling,153
part,6
tiny,2
between,2
hands,9
around,4
pool,42
steeple,3
drums,1
orange,21
blanket,22
donkey,10
cars,22
flower,114
guys,57
shorts,35
buildings,263
mid,2
pic,27
.,2
dancer,2
castle,12
foreground,16
rocks,442
couple,31
off,1
bushes,134
grassy,38
windshield,2
tiled,1
fence,138
feet,9
leaves,96
crowd,19
vest,15
dam,2
bush,202
rail,7
flag,255
sitting,15
down,12
tiles,17
head,188
plaid,1
walkway,35
park,2
doors,32
picture,158
bald,1
open,1
yellow,47
taxi,4
up,21
trunk,12
perfect,4
whale,3
buiding,3
umbrella,111
cactus,123
bamboo,4
curtain,169
hillside,14
adult,1
child,67
gray,14
lamp,205
desk,67
stair,5
...,1
pile,2
cabbage,4
land,59
ocean,94
one,67
arm,13
train,97
standing,14
group,51
rightmost,1
is,3
gound,1
where,9
i,1
that,53
awning,2
hair,26
cement,8
structure,10
pipe,2
seal,33
luggage,14
hoodie,6
dead,12
groudn,2
ass,6
rock,598
column,30
closest,2
he,15
helmet,23
fountain,67
women,19
cart,14
photo,4
frame,9
tile,10
things,11
truck,105
pavement,32
plane,72
hiker,1
edge,10
dancing,1
bottle,280
beer,22
candle,25
towel,9
she,14
holding,3
lol,8
apice,1
pillar,55
bikini,1
tower,80
paddle,2
fat,1
greens,5
railings,2
guitar,5
so,6
spider,1
bright,7
anything,14
neck,1
?,6
ladder,6
screen,17
sidewalk,112
dancers,2
us,14
arches,5
close,2
island,46
young,1
native,1
flame,3
monument,13
half,30
out,3
bridge,74
books,9
walking,1
animal,215
fleece,1
walk,6
formation,3
word,1
backpack,82
shoulder,6
purse,6
tennis,7
court,44
player,17
tracks,9
horse,269
plan,1
line,11
stadium,2
beneath,2
napkin,3
pants,68
pavemetn,1
llama,29
skyscraper,19
snake,6
field,76
whatever,3
biker,54
boulder,4
path,28
dude,198
sun,61
shirtless,1
board,40
hallway,1
entrance,6
lion,11
rug,9
skinny,1
waterfall,106
large,3
ship,19
bricks,27
square,1
sorry,6
palms,8
straight,1
together,1
sweater,37
kid,267
neon,1
bookshelf,2
banner,1
bowl,39
creepy,1
peace,1
fire,12
skirt,30
wearing,9
birds,24
plants,77
mud,5
gold,7
space,15
object,2
surfer,5
turtle,14
anyone,38
either,6
leg,5
ssky,1
fall,3
lamppost,1
legs,7
teepee,6
third,2
chandelier,5
fronds,1
house,233
lake,83
poncho,1
ear,5
body,8
pidgeon,1
chef,2
mask,7
poster,16
mtn,39
grey,5
poles,8
sea,54
gate,22
stick,2
peeps,25
striped,3
book,18
cacti,12
bag,153
mug,21
infront,1
beds,22
fixture,1
click,2
no,3
mirror,10
bench,81
suit,4
shelf,26
peoples,8
hats,4
bedspread,5
',1
wave,16
n't,1
image,4
bird,363
tarp,1
blond,1
lizard,14
painting,45
shutter,1
pics,1
frames,1
paper,37
being,4
pack,4
jug,2
exactly,1
girls,32
mama,2
stairs,86
yup,18
tent,12
cabin,5
net,4
parrot,20
bottoms,1
lighthouse,10
log,3
fruit,29
same,3
!,2
portion,1
lone,1
gravel,12
ledge,4
but,9
crab,11
iguana,5
backpackers,1
brush,6
greenery,57
raft,21
stone,33
cup,99
stripes,4
bicycle,24
stove,9
kind,1
three,2
have,2
good,12
waves,22
lampshade,4
yues,1
high,3
him,10
cowboy,1
their,10
boys,16
post,10
hard,1
cake,13
carpet,14
trash,2
bags,18
something,1
teacher,2
chick,22
seat,29
city,120
whole,12
camera,43
dog,30
surfboard,21
purple,12
chicken,1
ruins,16
sack,2
nightstand,27
tomatoes,5
bananas,3
yes,7
falls,3
mound,2
flags,8
pillows,6
pillow,5
bunk,4
cow,17
staircase,5
stand,12
shot,2
balloon,24
love,1
cliffs,8
cristal,4
leaf,115
bicyclist,3
cushion,2
box,13
can,22
smoke,12
asphalt,1
really,2
go,1
horses,15
tail,2
stop,1
church,21
boardwalk,1
headdress,1
family,4
kayak,3
gorilla,2
design,1
pant,3
chain,4
bunny,3
ears,1
apples,3
chapel,1
tee,1
an,1
animals,30
last,1
other,2
bot,3
firework,1
room,5
veggies,2
biggest,2
cab,1
ball,31
cap,16
leafs,4
bucket,6
wood,44
motorcycle,8
mans,22
sexy,4
container,5
base,3
mountian,2
windows,105
bingo,4
yeah,1
khaki,2
sauce,2
dish,6
human,5
duck,5
mast,1
blk,1
track,2
river,29
shack,5
giraffe,15
coke,4
clock,20
deck,13
sheep,22
persons,14
stream,5
roses,7
ballon,5
driver,2
again,1
tshirt,6
there,10
bell,1
bear,9
beam,1
shrubbery,5
cardigan,1
cross,15
dorks,1
archway,9
hammock,9
iceberg,4
night,6
foliage,14
was,2
vehicle,34
fog,5
skyline,8
trellis,1
parking,2
lot,1
monkey,16
sculpture,7
signs,6
children,14
shrub,25
machine,1
chairs,18
submit,1
cups,1
counter,3
basket,10
planter,4
railing,45
short,2
humans,7
t,1
aires,2
stool,6
butt,1
plates,3
rocky,18
polka,2
bldg,36
case,1
now,2
porch,3
rails,1
roo,3
end,1
cone,1
roofs,6
rooftop,1
es,1
hay,7
reading,1
wheels,4
womans,9
shaped,1
foot,1
people\,1
terrain,1
towards,1
desert,4
curtains,44
dudeman,1
moutnains,1
what,4
those,5
men,20
grapes,2
fork,1
naked,1
nest,1
television,2
tress,6
builing,1
along,1
microwave,1
elbow,1
build,1
tablecloth,8
hit,2
:),2
sunset,6
text,2
glacier,10
circle,5
airplane,8
shadow,26
sofa,11
tv,3
skull,7
cam,1
deer,5
waters,1
corners,1
opening,2
dudes,4
crotch,2
arms,2
give,1
more,3
chalkboard,2
both,2
couch,21
globe,1
peppers,9
they,16
soda,2
shoes,8
playing,2
pictures,4
village,4
vw,1
cloudy,7
blonde,7
rest,1
eys,1
bread,3
ones,2
cooler,9
cows,4
baby,26
stroller,2
hikers,2
skulls,1
grill,3
steam,3
springs,1
cannon,3
color,2
shirts,19
correct,3
bottles,52
tables,6
rider,12
snowy,8
huts,1
pizza,4
glas,1
boot,1
sleeve,2
fingers,2
bar,7
horizon,12
doggie,2
flah,1
jeep,11
gay,1
some,3
mickey,1
bark,1
look,2
eggplants,1
who,2
bumper,1
hood,1
gator,1
clouds\,1
fireworks,2
home,2
clothing,2
juice,3
lama,1
sunglasses,7
pots,7
skeletons,1
weeds,3
garden,5
bikes,13
clear,2
spoon,9
museum,2
clothes,13
foggy,1
sweatshirt,1
rear,1
do,1
dress,18
fools,1
bir,1
corn,1
arrow,2
umbrellas,7
think,2
temple,3
groups,1
bunch,2
bad,5
nike,1
bare,1
letter,1
shore,6
stairway,4
flamingos,1
branches,19
bulb,2
piano,1
vase,15
spidersky,2
towels,2
jar,2
arch,20
trail,7
cheese,1
tray,4
onion,2
wine,2
sandy,9
wardrobe,1
fabric,2
la,1
casa,1
writing,3
hotel,5
skyu,1
trashcan,1
eating,2
dear,1
mouth,1
wooden,10
netting,1
skyyyyy,1
mat,1
msn,1
goat,4
gangbang,1
llamas,6
rack,3
drawer,4
straw,3
maroon,1
bars,3
pillars,5
houses,34
fish,16
bulding,8
sail,7
lantern,2
bedside,2
everyone,7
phone,11
let,2
anywere,1
pointy,1
walls,14
words,4
drapery,1
see,3
lit,2
pan,6
pathway,5
darkness,1
beans,1
onions,9
canopy,1
uppermost,1
mist,5
buidling,6
structures,1
metal,2
aky,2
treeline,5
buliding,2
ice,22
misty,3
photographer,1
cyclist,11
shoe,6
region,1
flying,3
reflection,3
bay,1
menu,2
coffee,2
drape,3
lily,13
pad,1
canoe,9
we,1
valley,11
loveseat,1
fruits,3
symbol,1
pineapple,6
please,1
stamen,1
hiking,2
blackboard,7
redshirt,1
mountians,1
slats,1
giant,1
da,1
flamingo,17
seals,1
towers,8
rabbit,6
nose,8
ridge,2
flour,1
pond,12
murica,3
inside,3
twig,1
cabinet,10
dock,14
maybe,1
weirdo,1
logo,2
landscape,1
owl,4
feather,2
sly,2
sunglass,2
sewer,1
peep,2
headboard,2
200,1
kangaroo,10
wet,1
wife,2
suv,6
pcture,1
helicopter,1
peir,1
ttree,1
chimney,6
students,2
moutain,8
boats,9
tight,1
gal,1
gorund,1
foutain,1
butterfly,5
label,2
shape,1
apartment,3
sloth,2
number,3
beanie,1
broadway,1
frog,1
yacht,4
berries,1
hole,3
goal,1
computer,2
driveway,3
skyyy,1
mattress,2
camel,7
concrete,17
newspaper,4
discs,1
squirrel,2
barrier,1
almost,3
fist,1
fern,3
boxes,2
ostrich,4
cave,3
figure,5
moutains,2
backboard,1
limes,1
working,1
widow,1
speaker,3
falcon,2
balloons,6
pigeons,2
watch,8
speedo,1
bathroom,2
scarf,2
point,1
team,1
statues,4
palace,4
puppet,1
letters,1
closet,3
telephone,1
choo,1
foam,1
buuilding,1
ducks,2
woods,2
platform,1
tub,2
waterfalls,6
cello,1
eye,2
roadway,2
rainbow,2
vehicles,3
closets,1
everything,1
mangos,1
feild,1
armchair,1
shelving,1
lines,2
tents,2
shaded,1
penguins,2
sidewlak,1
posts,1
fellow,1
faces,2
blinds,3
fencing,4
bitch,1
eagle,8
kangaroooo,1
say,1
guess,2
me,1
grind,1
salt,1
shadows,1
bra,1
mushroom,1
cat,5
wing,7
birdy,2
buns,1
grasses,5
carriage,1
sirt,1
huge,1
fireplace,6
posters,2
creature,4
sitter,1
botom,2
dune,1
folks,4
scooter,2
jeans,14
balls,1
outcropping,1
runway,2
giraffess,1
mountaintop,2
tarmac,5
soil,1
dork,2
smotthie,1
cola,2
necklace,11
framed,1
surf,11
mural,1
bikers,4
lemons,2
shoreline,3
buildin,1
patio,1
seats,6
lamb,2
banana,6
coach,1
coming,1
flock,1
fiiiiiiirrrrrrrrrrrrrrrrrreeeeeeee,1
oceean,1
kangaro,1
hedges,1
drawing,3
unbrella,1
stem,1
vertical,1
spelunker,1
skies,1
dooor,1
bookshelves,1
treee,2
rainforest,1
banister,1
helmets,1
scenery,1
cluods,1
restaurant,1
llachon,1
pyramid,1
papers,4
sunlight,1
cattle,1
someone,1
goose,1
produce,1
pads,1
blacktop,1
map,5
bldgs,2
fossil,1
well,1
fields,2
would,1
pie,3
whiteness,1
pedestal,1
idol,1
dresser,10
shortest,1
penguin,8
herd,3
vegetation,4
gates,1
darkest,1
adults,2
skyy,1
anybody,2
sssssnake,1
mangoes,1
raincoat,1
trolley,1
quilt,2
sausage,1
railroad,1
diamond,1
alpaca,3
yep,2
canon,2
beams,1
snowboarding,1
wig,1
waer,2
creek,2
blankets,1
pelican,2
lawn,7
himself,1
barge,1
coral,1
tocks,1
hose,1
blurry,1
any1,1
pebbles,1
mountin,1
critter,3
outfit,1
napkins,1
noodles,1
plaque,3
jackets,1
fur,1
jersey,3
bedstand,1
ramp,3
everybody,1
newspapper,1
raod,1
tide,1
del,1
puerto,1
soccer,1
monitor,4
pavers,1
shelves,5
highway,3
why,1
grond,1
yuppyupp,1
backpacks,2
panel,3
farmland,1
waterrrrrrrr,1
furniture,1
h20,1
pedestrians,1
bones,1
carrots,1
lage,1
flooring,4
cop,4
ttrees,1
notebook,2
petal,1
crane,4
roots,1
perosn,1
lightpost,1
middle\,1
cheeks,1
mouttain,1
slope,2
moss,2
male,3
handle,1
h2o,5
miner,1
floors,1
rat,2
toy,1
tabletop,3
lightpole,1
nerd,1
table!!k,1
cable,2
penthouse,1
gated,1
facade,1
electric,1
jesus,3
orchard,1
buoy,1
cloud\,1
limo,1
fort,1
skye,2
sku,2
canal,1
these,1
leafy,2
yeeah,1
photos,1
cloths,1
skyyyy,3
montan,1
waaaater,1
mosque,1
streetlight,1
tractor,4
crown,1
drapes,2
cieling,2
plains,3
columns,2
aliens,1
couds,1
shiny,1
nice,4
manatee,1
courtyard,3
cityscape,5
skateboard,1
sidewalks,1
wrap,1
wire,1
balconies,2
alligator,1
benches,8
dolphin,4
female,6
sugar,1
volcano,4
pier,2
urn,1
know,1
town,5
bluebbonets,1
gloves,1
jungle,3
suitcase,2
pig,4
sandcastle,2
cabinets,1
meat,6
buil;lding,1
coats,2
mountasins,1
cathedral,1
bicycles,1
tortose,1
watefall,1
dynamite,1
wal,1
paneling,1
life,2
tomb,1
wind,2
fries,1
snowboard,5
plebs,1
minivan,1
sands,1
furry,1
clay,2
yeea,1
grounds,1
stuffed,1
sax,1
compartment,1
entryway,1
folder,1
skyz,1
pods,1
buildng,3
handlebars,1
stools,1
croc,1
hung,1
boots,1
ecuador,1
bunkbed,1
buddha,1
wrong,1
umbrells,1
wwater,1
cyclists,1
ksy,1
merchandise,1
motorbike,2
snowcap,1
crosswalk,1
bells,1
purses,1
cusquena,1
mouontain,1
tram,1
son,4
sedan,1
grassland,1
ladyperson,1
enough,1
sleeper,1
skyscrapers,2
saddle,4
shingles,1
sand/,1
pinguin,1
potatoes,1
algae,1
twigs,2
lampposst,1
buenos,1
kys,1
baloon,3
backdrop,1
wallpaper,1
mt,1
pika,1
blackness,1
soldier,2
grains,1
bride,1
boom,1
islnad,1
lgrass\,1
reptile,1
turkey,1
peope,2
alien,1
leave,3
name,2
burger,1
place,1
yard,1
icy,1
kaori,1
peaks,1
barn,2
lightfixture,1
hosue,1
sry,1
judy,1
canyon,6
glowing,1
cushions,1
apple,2
stoplight,2
fin,1
oven,1
skater,1
cluds,1
calls,1
surfbort,1
sky2,1
stumpy,1
camcorder,2
toilet,3
topless,1
peopl;e,1
totem,1
stereo,1
yah,3
tourist,1
doggy,1
earth,1
catcus,2
mountainous,2
blackshirt,1
sealions,1
cans,2
spire,2
backyard,1
camping,1
laptop,1
snowmobile,1
squatter,1
sphynx,1
officers,1
sidwalk,2
gull,1
fences,1
magazine,1
sneaker,2
unit,2
bolivie,1
cane,1
quilts,1
hilton,1
655,1
swimers,1
roofline,1
sdfdf,1
parka,1
waiter,1
sandals,1
brid,1
lane,2
vergara,1
skateboarder,1
cascade,1
decor,1
carro,1
vegetables,2
fisherman,1
ceil;ing,1
rodent,1
drywall,1
manu,1
cupboards,1
mountins,1
sky\,2
amy,1
rafters,1
teeth,2
wterfall,1
iguna,1
bbird,2
mother,2
celing,2
fiiiiiyyaaaaaaaaaaaaaaaaaaaaarrrrrrrrrrr,1
sjy,1
mountaint,1
motor,2
countertop,2
podium,1
flames,1
embarque,1
trolly,1
giraffes,2
iceburg,1
roast,1
wagon,2
baggage,1
bdlg,1
colothes,1
desks,1
stony,1
fool,1
klizard,1
roads,1
dojo,1
hotsauce,1
midlake,1
moon,2
portrait,3
shop,1
brickds,1
grasss,1
traffic,1
compass,1
chandeliers,1
falg,1
dialogo,1
ruin,1
crow,1
nope,1
blding,1
bedsheet,1
pigs,1
lighting,1
grouond,1
refrigerator,1
cheek,1
hilly,1
sprinklers,1
farmer,1
skyscrapper,1
feeder,3
forklift,1
vike,1
tornado,2
clound,1
personn,1
petals,1
cupboard,1
crossword,1
fella,1
blackboarface,1
lowestringer,1
mountisan,1
tapestry,1
refrig,1
move,1
racecar,1
britney,1
graphic,1
grape,1
skylight,1
rooftops,1
sanmd,1
redroof,1
artwork,1
cock,1
ferry,1
fman,1
cobblestones,1
break,1
ysky,1
easel,1
eagggglleeeeeee,1
sfsdf,1
paddling,1
soon,1
atv,2
cycle,2
buildingl,1
charles,2
cubby,1
feathers,1
peeople,1
plateau,1
upp,1
heavens,1
pereson,1
drawers,1
skky,1
snuggle,1
streetcar,1
difficult,1
groud,1
candlestick,1
engine,1
buxom,1
hous,1
mustard,1
entertainer,1
fountains,1
necklaces,1
pasture,1
ues,1
ddue,1
shark,1
h2,1
clocktower,1
railway,1
mountain-,1
midcity,1
airstrip,1
anywhr,1
cloudds,1
yee,1
corridor,1
cente,1
snowboarder,2
wata,2
textiles,1
sale,1
honeydew,1
nayone,1
ater,1
riiiight,1
bryant,1
anchor,1
moutnain,1
library,1
yeh,1
banananananananan,1
majestic,1
subject,1
prsn,1
yueah,1
celiling,1
wabbit,1
vine,2
doghouse,1
rockmiddle,1
skym,1
dusk,1
celling,1
gourhd,1
gopher,1
ostritch,1
yeay,1
window/,1
mountanis,1
corpse,1
fans,1
cowgurl,1
rugs,1
peoplez,1
graffiti,1
cabana,4
monkee,1
bricck,1
anywhear,1
helecopter,1
bulbs,1
braces,1
wataer,1
tarmack,1
lesbian,1
figurines,1
knows,1
accordian,1
lovebirds,1
flowering,1
buil;ding,1
moutain.volcano,1
carrot,1
bracelets,1
albino,1
meal,1
koela,1
tax,1
middleperson,1
landing,1
hilltop,1
whitessmoke,1
headdresses,1
waterfountain,1
tes,1
woodchips,1
bluffs,1
barber,1
sdky,1
rubble,2
yessum,1
laguna,1
peeple,1
dolphikn,1
anyine\,1
delicious,1
planting,1
pooh,1
diving,1
bikerack,1
trophy,1
rod,1
yesd,1
twees,1
gatorcroc,1
personany,1
wannabe,1
alpacka,1
chart,1
treez,1
edith,1
greenwsall,1
maximum,1
honest,1
soor,1
snail,1
morcomionio,1
grasssss,1
videographer,1
greeeen,1
chcik,1
gown,1
umpire,1
hammer,1
popo,1
pillowcase,1
leftsky,1
wsurfboard,1
nbottom,1
juggler,1
spectaturs,1
potbelly,1
animas,1
traintracks,1
yest,1
pail,1
gr4ound,1
yaaa,1
streets,1
lab,1
pavilion,1
wok,1
bikewheel,1
bycycilst,1
ushuaia,1
skyyyyyyyyyyyy,1
ladyface,1
lighthou,1
